sensor_id,t_unix,packet_counter,roll_deg,pitch_deg,yaw_deg
XDA.XsDeviceId,1790006398.946833,5008,-0.682,-0.338,-82.868
XDA.XsDeviceId,1790006398.948304,5008,-0.336,-0.840,-61.183
XDA.XsDeviceId,1790006398.960859,5009,-0.681,-0.335,-82.868
XDA.XsDeviceId,1790006398.960867,5009,-0.334,-0.837,-61.188
XDA.XsDeviceId,1790006398.976858,5010,-0.681,-0.330,-82.862
XDA.XsDeviceId,1790006398.976872,5010,-0.333,-0.835,-61.193
XDA.XsDeviceId,1790006398.993011,5011,-0.683,-0.327,-82.858
XDA.XsDeviceId,1790006398.993035,5011,-0.334,-0.830,-61.200
XDA.XsDeviceId,1790006399.008870,5012,-0.684,-0.331,-82.863
XDA.XsDeviceId,1790006399.008887,5012,-0.332,-0.828,-61.205
XDA.XsDeviceId,1790006399.025103,5013,-0.685,-0.330,-82.863
XDA.XsDeviceId,1790006399.025116,5013,-0.334,-0.825,-61.210
XDA.XsDeviceId,1790006399.040962,5014,-0.682,-0.324,-82.858
XDA.XsDeviceId,1790006399.040972,5014,-0.331,-0.825,-61.215
XDA.XsDeviceId,1790006399.056691,5015,-0.684,-0.320,-82.855
XDA.XsDeviceId,1790006399.056699,5015,-0.331,-0.821,-61.222
XDA.XsDeviceId,1790006399.072661,5016,-0.685,-0.320,-82.855
XDA.XsDeviceId,1790006399.072682,5016,-0.330,-0.819,-61.227
XDA.XsDeviceId,1790006399.088837,5017,-0.684,-0.317,-82.854
XDA.XsDeviceId,1790006399.088846,5017,-0.327,-0.817,-61.234
XDA.XsDeviceId,1790006399.105194,5018,-0.683,-0.315,-82.853
XDA.XsDeviceId,1790006399.105209,5018,-0.325,-0.817,-61.241
XDA.XsDeviceId,1790006399.121117,5019,-0.682,-0.311,-82.849
XDA.XsDeviceId,1790006399.121127,5019,-0.322,-0.816,-61.248
XDA.XsDeviceId,1790006399.133174,5020,-0.680,-0.304,-82.843
XDA.XsDeviceId,1790006399.133193,5020,-0.322,-0.815,-61.253
XDA.XsDeviceId,1790006399.134756,5021,-0.679,-0.304,-82.845
XDA.XsDeviceId,1790006399.134764,5021,-0.319,-0.817,-61.259
XDA.XsDeviceId,1790006399.140076,5022,-0.676,-0.303,-82.845
XDA.XsDeviceId,1790006399.140092,5022,-0.315,-0.817,-61.267
XDA.XsDeviceId,1790006399.149046,5023,-0.677,-0.300,-82.841
XDA.XsDeviceId,1790006399.149068,5023,-0.313,-0.820,-61.272
XDA.XsDeviceId,1790006399.164248,5024,-0.674,-0.300,-82.841
XDA.XsDeviceId,1790006399.164271,5024,-0.308,-0.821,-61.278
XDA.XsDeviceId,1790006399.180540,5025,-0.670,-0.298,-82.837
XDA.XsDeviceId,1790006399.180556,5025,-0.303,-0.824,-61.284
XDA.XsDeviceId,1790006399.181806,5026,-0.668,-0.297,-82.834
XDA.XsDeviceId,1790006399.181816,5026,-0.299,-0.825,-61.288
XDA.XsDeviceId,1790006399.197232,5027,-0.665,-0.295,-82.833
XDA.XsDeviceId,1790006399.197241,5027,-0.295,-0.825,-61.296
XDA.XsDeviceId,1790006399.198712,5028,-0.667,-0.295,-82.831
XDA.XsDeviceId,1790006399.198724,5028,-0.292,-0.828,-61.298
XDA.XsDeviceId,1790006399.214463,5029,-0.662,-0.294,-82.829
XDA.XsDeviceId,1790006399.214475,5029,-0.287,-0.831,-61.306
XDA.XsDeviceId,1790006399.230385,5030,-0.657,-0.296,-82.826
XDA.XsDeviceId,1790006399.230413,5030,-0.280,-0.833,-61.312
XDA.XsDeviceId,1790006399.231917,5031,-0.655,-0.300,-82.831
XDA.XsDeviceId,1790006399.231932,5031,-0.277,-0.835,-61.316
XDA.XsDeviceId,1790006399.247213,5032,-0.649,-0.298,-82.824
XDA.XsDeviceId,1790006399.247222,5032,-0.273,-0.837,-61.322
XDA.XsDeviceId,1790006399.249333,5033,-0.648,-0.298,-82.818
XDA.XsDeviceId,1790006399.249340,5033,-0.268,-0.839,-61.327
XDA.XsDeviceId,1790006399.264256,5034,-0.644,-0.297,-82.811
XDA.XsDeviceId,1790006399.264274,5034,-0.263,-0.839,-61.329
XDA.XsDeviceId,1790006399.280722,5035,-0.642,-0.297,-82.806
XDA.XsDeviceId,1790006399.280740,5035,-0.256,-0.841,-61.335
XDA.XsDeviceId,1790006399.297291,5036,-0.638,-0.299,-82.805
XDA.XsDeviceId,1790006399.297302,5036,-0.253,-0.844,-61.342
XDA.XsDeviceId,1790006399.313916,5037,-0.632,-0.299,-82.805
XDA.XsDeviceId,1790006399.313933,5037,-0.244,-0.849,-61.346
XDA.XsDeviceId,1790006399.330923,5038,-0.629,-0.301,-82.800
XDA.XsDeviceId,1790006399.330983,5038,-0.241,-0.848,-61.349
XDA.XsDeviceId,1790006399.347173,5039,-0.630,-0.302,-82.797
XDA.XsDeviceId,1790006399.347184,5039,-0.233,-0.855,-61.358
XDA.XsDeviceId,1790006399.348840,5040,-0.626,-0.298,-82.785
XDA.XsDeviceId,1790006399.348849,5040,-0.228,-0.858,-61.364
XDA.XsDeviceId,1790006399.363964,5041,-0.625,-0.300,-82.785
XDA.XsDeviceId,1790006399.363977,5041,-0.223,-0.861,-61.372
XDA.XsDeviceId,1790006399.365884,5042,-0.623,-0.299,-82.776
XDA.XsDeviceId,1790006399.365893,5042,-0.219,-0.866,-61.379
XDA.XsDeviceId,1790006399.397190,5043,-0.615,-0.297,-82.768
XDA.XsDeviceId,1790006399.397208,5043,-0.213,-0.869,-61.381
XDA.XsDeviceId,1790006399.414062,5044,-0.611,-0.293,-82.755
XDA.XsDeviceId,1790006399.414090,5044,-0.208,-0.872,-61.384
XDA.XsDeviceId,1790006399.415181,5045,-0.609,-0.296,-82.748
XDA.XsDeviceId,1790006399.415187,5045,-0.204,-0.873,-61.389
XDA.XsDeviceId,1790006399.447331,5046,-0.599,-0.295,-82.740
XDA.XsDeviceId,1790006399.447373,5046,-0.204,-0.873,-61.396
XDA.XsDeviceId,1790006399.448562,5047,-0.599,-0.296,-82.735
XDA.XsDeviceId,1790006399.448566,5047,-0.195,-0.876,-61.400
XDA.XsDeviceId,1790006399.480993,5048,-0.603,-0.301,-82.738
XDA.XsDeviceId,1790006399.481002,5048,-0.195,-0.877,-61.406
XDA.XsDeviceId,1790006399.497520,5049,-0.597,-0.302,-82.733
XDA.XsDeviceId,1790006399.497720,5049,-0.195,-0.878,-61.410
XDA.XsDeviceId,1790006399.514301,5050,-0.592,-0.303,-82.728
XDA.XsDeviceId,1790006399.514312,5050,-0.188,-0.876,-61.407
XDA.XsDeviceId,1790006399.530743,5051,-0.593,-0.303,-82.719
XDA.XsDeviceId,1790006399.530749,5051,-0.183,-0.876,-61.411
XDA.XsDeviceId,1790006399.531820,5052,-0.594,-0.305,-82.720
XDA.XsDeviceId,1790006399.531836,5052,-0.181,-0.878,-61.413
XDA.XsDeviceId,1790006399.548510,5053,-0.591,-0.308,-82.718
XDA.XsDeviceId,1790006399.548520,5053,-0.181,-0.876,-61.416
XDA.XsDeviceId,1790006399.565271,5054,-0.586,-0.310,-82.717
XDA.XsDeviceId,1790006399.565277,5054,-0.175,-0.876,-61.417
XDA.XsDeviceId,1790006399.588826,5055,-0.579,-0.310,-82.712
XDA.XsDeviceId,1790006399.588837,5055,-0.168,-0.881,-61.421
XDA.XsDeviceId,1790006399.599301,5056,-0.575,-0.312,-82.711
XDA.XsDeviceId,1790006399.599306,5056,-0.165,-0.883,-61.431
XDA.XsDeviceId,1790006399.630522,5057,-0.576,-0.315,-82.714
XDA.XsDeviceId,1790006399.630531,5057,-0.158,-0.892,-61.448
XDA.XsDeviceId,1790006399.631911,5058,-0.572,-0.309,-82.698
XDA.XsDeviceId,1790006399.631916,5058,-0.153,-0.895,-61.455
XDA.XsDeviceId,1790006399.649855,5059,-0.572,-0.316,-82.707
XDA.XsDeviceId,1790006399.649859,5059,-0.148,-0.891,-61.452
XDA.XsDeviceId,1790006399.680725,5060,-0.571,-0.318,-82.706
XDA.XsDeviceId,1790006399.680735,5060,-0.141,-0.892,-61.454
XDA.XsDeviceId,1790006399.697399,5061,-0.574,-0.318,-82.703
XDA.XsDeviceId,1790006399.697404,5061,-0.135,-0.895,-61.458
XDA.XsDeviceId,1790006399.698629,5062,-0.566,-0.319,-82.702
XDA.XsDeviceId,1790006399.698637,5062,-0.142,-0.894,-61.469
XDA.XsDeviceId,1790006399.730524,5063,-0.564,-0.320,-82.696
XDA.XsDeviceId,1790006399.730530,5063,-0.137,-0.896,-61.474
XDA.XsDeviceId,1790006399.747179,5064,-0.569,-0.320,-82.691
XDA.XsDeviceId,1790006399.747185,5064,-0.138,-0.893,-61.481
XDA.XsDeviceId,1790006399.749168,5065,-0.572,-0.324,-82.694
XDA.XsDeviceId,1790006399.749171,5065,-0.136,-0.895,-61.489
XDA.XsDeviceId,1790006399.780384,5066,-0.565,-0.329,-82.696
XDA.XsDeviceId,1790006399.780398,5066,-0.133,-0.893,-61.491
XDA.XsDeviceId,1790006399.797282,5067,-0.566,-0.328,-82.691
XDA.XsDeviceId,1790006399.797285,5067,-0.121,-0.894,-61.490
XDA.XsDeviceId,1790006399.798424,5068,-0.564,-0.329,-82.684
XDA.XsDeviceId,1790006399.798427,5068,-0.115,-0.898,-61.497
XDA.XsDeviceId,1790006399.831034,5069,-0.564,-0.334,-82.688
XDA.XsDeviceId,1790006399.831064,5069,-0.120,-0.898,-61.512
XDA.XsDeviceId,1790006399.847701,5070,-0.561,-0.338,-82.691
XDA.XsDeviceId,1790006399.847705,5070,-0.115,-0.905,-61.524
XDA.XsDeviceId,1790006399.850330,5071,-0.552,-0.338,-82.684
XDA.XsDeviceId,1790006399.850333,5071,-0.119,-0.903,-61.529
XDA.XsDeviceId,1790006399.880453,5072,-0.543,-0.340,-82.683
XDA.XsDeviceId,1790006399.880476,5072,-0.111,-0.898,-61.524
XDA.XsDeviceId,1790006399.881647,5073,-0.540,-0.345,-82.687
XDA.XsDeviceId,1790006399.881655,5073,-0.112,-0.902,-61.536
XDA.XsDeviceId,1790006399.898780,5074,-0.553,-0.348,-82.694
XDA.XsDeviceId,1790006399.898784,5074,-0.113,-0.903,-61.545
XDA.XsDeviceId,1790006399.930916,5075,-0.555,-0.351,-82.697
XDA.XsDeviceId,1790006399.930936,5075,-0.106,-0.901,-61.549
XDA.XsDeviceId,1790006399.932144,5076,-0.555,-0.344,-82.685
XDA.XsDeviceId,1790006399.932148,5076,-0.097,-0.915,-61.565
XDA.XsDeviceId,1790006399.951340,5077,-0.542,-0.350,-82.689
XDA.XsDeviceId,1790006399.951348,5077,-0.091,-0.915,-61.569
XDA.XsDeviceId,1790006399.982104,5078,-0.549,-0.350,-82.690
XDA.XsDeviceId,1790006399.982110,5078,-0.101,-0.913,-61.580
XDA.XsDeviceId,1790006399.998187,5079,-0.541,-0.349,-82.682
XDA.XsDeviceId,1790006399.998193,5079,-0.099,-0.907,-61.578
XDA.XsDeviceId,1790006400.014444,5080,-0.543,-0.352,-82.688
XDA.XsDeviceId,1790006400.014453,5080,-0.107,-0.904,-61.590
XDA.XsDeviceId,1790006400.030176,5081,-0.538,-0.348,-82.677
XDA.XsDeviceId,1790006400.030187,5081,-0.100,-0.902,-61.588
XDA.XsDeviceId,1790006400.046252,5082,-0.533,-0.353,-82.681
XDA.XsDeviceId,1790006400.046263,5082,-0.106,-0.897,-61.591
XDA.XsDeviceId,1790006400.062399,5083,-0.534,-0.359,-82.689
XDA.XsDeviceId,1790006400.062521,5083,-0.107,-0.899,-61.604
XDA.XsDeviceId,1790006400.078571,5084,-0.537,-0.353,-82.678
XDA.XsDeviceId,1790006400.078577,5084,-0.096,-0.897,-61.602
XDA.XsDeviceId,1790006400.094620,5085,-0.541,-0.360,-82.683
XDA.XsDeviceId,1790006400.094630,5085,-0.084,-0.900,-61.604
XDA.XsDeviceId,1790006400.110588,5086,-0.528,-0.357,-82.676
XDA.XsDeviceId,1790006400.110594,5086,-0.081,-0.901,-61.609
XDA.XsDeviceId,1790006400.126546,5087,-0.524,-0.364,-82.687
XDA.XsDeviceId,1790006400.126566,5087,-0.076,-0.908,-61.623
XDA.XsDeviceId,1790006400.142606,5088,-0.521,-0.370,-82.693
XDA.XsDeviceId,1790006400.142613,5088,-0.067,-0.915,-61.634
XDA.XsDeviceId,1790006400.158853,5089,-0.525,-0.370,-82.691
XDA.XsDeviceId,1790006400.158861,5089,-0.064,-0.915,-61.637
XDA.XsDeviceId,1790006400.174836,5090,-0.519,-0.371,-82.688
XDA.XsDeviceId,1790006400.174842,5090,-0.059,-0.917,-61.642
XDA.XsDeviceId,1790006400.190714,5091,-0.519,-0.372,-82.686
XDA.XsDeviceId,1790006400.190726,5091,-0.058,-0.922,-61.656
XDA.XsDeviceId,1790006400.206797,5092,-0.512,-0.370,-82.679
XDA.XsDeviceId,1790006400.206804,5092,-0.059,-0.920,-61.659
XDA.XsDeviceId,1790006400.222956,5093,-0.512,-0.375,-82.687
XDA.XsDeviceId,1790006400.239094,5093,-0.060,-0.925,-61.675
XDA.XsDeviceId,1790006400.254870,5094,-0.508,-0.379,-82.691
XDA.XsDeviceId,1790006400.254873,5094,-0.052,-0.927,-61.680
XDA.XsDeviceId,1790006400.270918,5095,-0.511,-0.381,-82.692
XDA.XsDeviceId,1790006400.270924,5095,-0.046,-0.927,-61.681
XDA.XsDeviceId,1790006400.286567,5096,-0.512,-0.391,-82.700
XDA.XsDeviceId,1790006400.286574,5096,-0.046,-0.934,-61.688
XDA.XsDeviceId,1790006400.302807,5097,-0.509,-0.395,-82.710
XDA.XsDeviceId,1790006400.302813,5097,-0.038,-0.934,-61.695
XDA.XsDeviceId,1790006400.319031,5098,-0.516,-0.393,-82.712
XDA.XsDeviceId,1790006400.319036,5098,-0.040,-0.929,-61.697
XDA.XsDeviceId,1790006400.335161,5099,-0.511,-0.397,-82.707
XDA.XsDeviceId,1790006400.335169,5099,-0.035,-0.935,-61.698
XDA.XsDeviceId,1790006400.350826,5100,-0.503,-0.398,-82.710
XDA.XsDeviceId,1790006400.350830,5100,-0.022,-0.937,-61.701
XDA.XsDeviceId,1790006400.366814,5101,-0.512,-0.403,-82.717
XDA.XsDeviceId,1790006400.366820,5101,-0.017,-0.939,-61.698
XDA.XsDeviceId,1790006400.382578,5102,-0.509,-0.409,-82.725
XDA.XsDeviceId,1790006400.382584,5102,-0.016,-0.935,-61.700
XDA.XsDeviceId,1790006400.398626,5103,-0.503,-0.410,-82.728
XDA.XsDeviceId,1790006400.398631,5103,-0.018,-0.930,-61.701
XDA.XsDeviceId,1790006400.414540,5104,-0.496,-0.424,-82.739
XDA.XsDeviceId,1790006400.414546,5104,-0.019,-0.932,-61.705
XDA.XsDeviceId,1790006400.430429,5105,-0.496,-0.419,-82.733
XDA.XsDeviceId,1790006400.430435,5105,-0.022,-0.921,-61.699
XDA.XsDeviceId,1790006400.446621,5106,-0.494,-0.428,-82.745
XDA.XsDeviceId,1790006400.446628,5106,-0.013,-0.927,-61.707
XDA.XsDeviceId,1790006400.462446,5107,-0.490,-0.431,-82.747
XDA.XsDeviceId,1790006400.462454,5107,-0.005,-0.927,-61.705
XDA.XsDeviceId,1790006400.478693,5108,-0.481,-0.436,-82.750
XDA.XsDeviceId,1790006400.478705,5108,0.005,-0.923,-61.699
XDA.XsDeviceId,1790006400.494692,5109,-0.483,-0.439,-82.749
XDA.XsDeviceId,1790006400.494699,5109,0.012,-0.927,-61.708
XDA.XsDeviceId,1790006400.510755,5110,-0.488,-0.438,-82.752
XDA.XsDeviceId,1790006400.510773,5110,0.008,-0.927,-61.717
XDA.XsDeviceId,1790006400.526980,5111,-0.486,-0.439,-82.747
XDA.XsDeviceId,1790006400.526987,5111,0.011,-0.931,-61.729
XDA.XsDeviceId,1790006400.542902,5112,-0.479,-0.441,-82.744
XDA.XsDeviceId,1790006400.542908,5112,0.007,-0.927,-61.726
XDA.XsDeviceId,1790006400.558947,5113,-0.487,-0.442,-82.755
XDA.XsDeviceId,1790006400.558954,5113,0.010,-0.925,-61.732
XDA.XsDeviceId,1790006400.574949,5114,-0.483,-0.447,-82.758
XDA.XsDeviceId,1790006400.574953,5114,0.011,-0.920,-61.727
XDA.XsDeviceId,1790006400.590870,5115,-0.486,-0.444,-82.750
XDA.XsDeviceId,1790006400.590878,5115,0.012,-0.918,-61.728
XDA.XsDeviceId,1790006400.606893,5116,-0.478,-0.448,-82.751
XDA.XsDeviceId,1790006400.606900,5116,0.018,-0.915,-61.728
XDA.XsDeviceId,1790006400.622853,5117,-0.478,-0.449,-82.753
XDA.XsDeviceId,1790006400.622860,5117,0.026,-0.914,-61.730
XDA.XsDeviceId,1790006400.638989,5118,-0.472,-0.452,-82.753
XDA.XsDeviceId,1790006400.654774,5118,0.030,-0.920,-61.743
XDA.XsDeviceId,1790006400.670807,5119,-0.462,-0.452,-82.749
XDA.XsDeviceId,1790006400.670810,5119,0.031,-0.920,-61.750
XDA.XsDeviceId,1790006400.686949,5120,-0.471,-0.457,-82.757
XDA.XsDeviceId,1790006400.686956,5120,0.026,-0.919,-61.763
XDA.XsDeviceId,1790006400.702903,5121,-0.479,-0.454,-82.754
XDA.XsDeviceId,1790006400.702909,5121,0.024,-0.927,-61.786
XDA.XsDeviceId,1790006400.719021,5122,-0.472,-0.458,-82.757
XDA.XsDeviceId,1790006400.719027,5122,0.028,-0.924,-61.785
XDA.XsDeviceId,1790006400.735193,5123,-0.473,-0.461,-82.760
XDA.XsDeviceId,1790006400.735205,5123,0.034,-0.923,-61.789
XDA.XsDeviceId,1790006400.751294,5124,-0.471,-0.464,-82.767
XDA.XsDeviceId,1790006400.751311,5124,0.029,-0.923,-61.803
XDA.XsDeviceId,1790006400.767514,5125,-0.458,-0.463,-82.759
XDA.XsDeviceId,1790006400.767524,5125,0.039,-0.926,-61.803
XDA.XsDeviceId,1790006400.783650,5126,-0.458,-0.467,-82.762
XDA.XsDeviceId,1790006400.783658,5126,0.035,-0.919,-61.800
XDA.XsDeviceId,1790006400.799508,5127,-0.456,-0.465,-82.759
XDA.XsDeviceId,1790006400.799516,5127,0.039,-0.916,-61.799
XDA.XsDeviceId,1790006400.815603,5128,-0.520,-0.426,-82.679
XDA.XsDeviceId,1790006400.815609,5128,-0.131,-1.019,-61.132
XDA.XsDeviceId,1790006400.831436,5129,-0.520,-0.425,-82.679
XDA.XsDeviceId,1790006400.831465,5129,-0.133,-1.018,-61.157
XDA.XsDeviceId,1790006400.847600,5130,-0.519,-0.426,-82.680
XDA.XsDeviceId,1790006400.847606,5130,-0.134,-1.019,-61.175
XDA.XsDeviceId,1790006400.863622,5131,-0.520,-0.427,-82.679
XDA.XsDeviceId,1790006400.863625,5131,-0.133,-1.019,-61.174
XDA.XsDeviceId,1790006400.879844,5132,-0.518,-0.427,-82.680
XDA.XsDeviceId,1790006400.879852,5132,-0.134,-1.019,-61.178
XDA.XsDeviceId,1790006400.895755,5133,-0.519,-0.427,-82.681
XDA.XsDeviceId,1790006400.895760,5133,-0.134,-1.020,-61.173
XDA.XsDeviceId,1790006400.911703,5134,-0.519,-0.429,-82.680
XDA.XsDeviceId,1790006400.911706,5134,-0.136,-1.019,-61.161
XDA.XsDeviceId,1790006400.930509,5135,-0.519,-0.428,-82.677
XDA.XsDeviceId,1790006400.930511,5135,-0.133,-1.020,-61.161
XDA.XsDeviceId,1790006400.946354,5136,-0.519,-0.429,-82.673
XDA.XsDeviceId,1790006400.946362,5136,-0.132,-1.021,-61.161
XDA.XsDeviceId,1790006400.961818,5137,-0.520,-0.429,-82.674
XDA.XsDeviceId,1790006400.961825,5137,-0.133,-1.022,-61.171
XDA.XsDeviceId,1790006400.977516,5138,-0.521,-0.429,-82.676
XDA.XsDeviceId,1790006400.977522,5138,-0.134,-1.021,-61.165
XDA.XsDeviceId,1790006400.993711,5139,-0.519,-0.430,-82.676
XDA.XsDeviceId,1790006400.993719,5139,-0.134,-1.024,-61.166
XDA.XsDeviceId,1790006401.009473,5140,-0.521,-0.429,-82.675
XDA.XsDeviceId,1790006401.009480,5140,-0.131,-1.023,-61.170
XDA.XsDeviceId,1790006401.025512,5141,-0.518,-0.431,-82.672
XDA.XsDeviceId,1790006401.025519,5141,-0.132,-1.023,-61.163
XDA.XsDeviceId,1790006401.041682,5142,-0.518,-0.431,-82.675
XDA.XsDeviceId,1790006401.041691,5142,-0.131,-1.024,-61.178
XDA.XsDeviceId,1790006401.057372,5143,-0.517,-0.431,-82.672
XDA.XsDeviceId,1790006401.057375,5143,-0.131,-1.025,-61.174
XDA.XsDeviceId,1790006401.073509,5144,-0.516,-0.431,-82.670
XDA.XsDeviceId,1790006401.073515,5144,-0.132,-1.025,-61.192
XDA.XsDeviceId,1790006401.089150,5145,-0.516,-0.431,-82.669
XDA.XsDeviceId,1790006401.105272,5145,-0.132,-1.025,-61.197
XDA.XsDeviceId,1790006401.120956,5146,-0.516,-0.433,-82.668
XDA.XsDeviceId,1790006401.121040,5146,-0.133,-1.026,-61.211
XDA.XsDeviceId,1790006401.137171,5147,-0.515,-0.431,-82.669
XDA.XsDeviceId,1790006401.137176,5147,-0.133,-1.025,-61.214
XDA.XsDeviceId,1790006401.153059,5148,-0.517,-0.431,-82.669
XDA.XsDeviceId,1790006401.153066,5148,-0.133,-1.024,-61.232
XDA.XsDeviceId,1790006401.169084,5149,-0.513,-0.432,-82.671
XDA.XsDeviceId,1790006401.169091,5149,-0.135,-1.022,-61.232
XDA.XsDeviceId,1790006401.185090,5150,-0.514,-0.431,-82.666
XDA.XsDeviceId,1790006401.185152,5150,-0.132,-1.023,-61.237
XDA.XsDeviceId,1790006401.201213,5151,-0.512,-0.432,-82.667
XDA.XsDeviceId,1790006401.201217,5151,-0.133,-1.023,-61.223
XDA.XsDeviceId,1790006401.217008,5152,-0.512,-0.433,-82.665
XDA.XsDeviceId,1790006401.217011,5152,-0.132,-1.022,-61.222
XDA.XsDeviceId,1790006401.232924,5153,-0.511,-0.434,-82.665
XDA.XsDeviceId,1790006401.232930,5153,-0.132,-1.023,-61.232
XDA.XsDeviceId,1790006401.248807,5154,-0.510,-0.433,-82.663
XDA.XsDeviceId,1790006401.248812,5154,-0.131,-1.022,-61.227
XDA.XsDeviceId,1790006401.264707,5155,-0.511,-0.434,-82.660
XDA.XsDeviceId,1790006401.264711,5155,-0.131,-1.022,-61.216
XDA.XsDeviceId,1790006401.280578,5156,-0.509,-0.432,-82.661
XDA.XsDeviceId,1790006401.280583,5156,-0.129,-1.022,-61.214
XDA.XsDeviceId,1790006401.296528,5157,-0.508,-0.433,-82.662
XDA.XsDeviceId,1790006401.296533,5157,-0.130,-1.021,-61.208
XDA.XsDeviceId,1790006401.312367,5158,-0.509,-0.432,-82.661
XDA.XsDeviceId,1790006401.312372,5158,-0.128,-1.020,-61.208
XDA.XsDeviceId,1790006401.328252,5159,-0.508,-0.433,-82.660
XDA.XsDeviceId,1790006401.328256,5159,-0.128,-1.022,-61.207
XDA.XsDeviceId,1790006401.344095,5160,-0.508,-0.434,-82.660
XDA.XsDeviceId,1790006401.344099,5160,-0.126,-1.021,-61.204
XDA.XsDeviceId,1790006401.359851,5161,-0.508,-0.434,-82.661
XDA.XsDeviceId,1790006401.359880,5161,-0.127,-1.021,-61.204
XDA.XsDeviceId,1790006401.375948,5162,-0.508,-0.434,-82.660
XDA.XsDeviceId,1790006401.375954,5162,-0.126,-1.020,-61.206
XDA.XsDeviceId,1790006401.391908,5163,-0.509,-0.434,-82.657
XDA.XsDeviceId,1790006401.391914,5163,-0.126,-1.021,-61.205
XDA.XsDeviceId,1790006401.407853,5164,-0.510,-0.434,-82.660
XDA.XsDeviceId,1790006401.407861,5164,-0.126,-1.018,-61.205
XDA.XsDeviceId,1790006401.423653,5165,-0.506,-0.433,-82.660
XDA.XsDeviceId,1790006401.423655,5165,-0.127,-1.019,-61.213
XDA.XsDeviceId,1790006401.439415,5166,-0.506,-0.432,-82.660
XDA.XsDeviceId,1790006401.439418,5166,-0.126,-1.020,-61.194
XDA.XsDeviceId,1790006401.455351,5167,-0.506,-0.434,-82.658
XDA.XsDeviceId,1790006401.471488,5167,-0.126,-1.020,-61.195
XDA.XsDeviceId,1790006401.487507,5168,-0.505,-0.434,-82.658
XDA.XsDeviceId,1790006401.487512,5168,-0.127,-1.020,-61.204
XDA.XsDeviceId,1790006401.503309,5169,-0.505,-0.433,-82.659
XDA.XsDeviceId,1790006401.503317,5169,-0.127,-1.021,-61.210
XDA.XsDeviceId,1790006401.519143,5170,-0.505,-0.435,-82.659
XDA.XsDeviceId,1790006401.519149,5170,-0.127,-1.021,-61.215
XDA.XsDeviceId,1790006401.535301,5171,-0.506,-0.435,-82.660
XDA.XsDeviceId,1790006401.535307,5171,-0.125,-1.018,-61.203
XDA.XsDeviceId,1790006401.551250,5172,-0.504,-0.434,-82.659
XDA.XsDeviceId,1790006401.551255,5172,-0.125,-1.021,-61.203
XDA.XsDeviceId,1790006401.567013,5173,-0.505,-0.434,-82.658
XDA.XsDeviceId,1790006401.567020,5173,-0.126,-1.020,-61.200
XDA.XsDeviceId,1790006401.582992,5174,-0.505,-0.434,-82.658
XDA.XsDeviceId,1790006401.582999,5174,-0.125,-1.019,-61.199
XDA.XsDeviceId,1790006401.598827,5175,-0.505,-0.434,-82.658
XDA.XsDeviceId,1790006401.598832,5175,-0.125,-1.020,-61.199
XDA.XsDeviceId,1790006401.614752,5176,-0.505,-0.434,-82.659
XDA.XsDeviceId,1790006401.614756,5176,-0.124,-1.020,-61.193
XDA.XsDeviceId,1790006401.630685,5177,-0.505,-0.435,-82.660
XDA.XsDeviceId,1790006401.630706,5177,-0.123,-1.020,-61.191
XDA.XsDeviceId,1790006401.646628,5178,-0.503,-0.435,-82.657
XDA.XsDeviceId,1790006401.646632,5178,-0.122,-1.020,-61.182
XDA.XsDeviceId,1790006401.662807,5179,-0.505,-0.436,-82.658
XDA.XsDeviceId,1790006401.662812,5179,-0.121,-1.020,-61.200
XDA.XsDeviceId,1790006401.678778,5180,-0.504,-0.435,-82.656
XDA.XsDeviceId,1790006401.678784,5180,-0.119,-1.021,-61.195
XDA.XsDeviceId,1790006401.694945,5181,-0.502,-0.436,-82.657
XDA.XsDeviceId,1790006401.694950,5181,-0.121,-1.019,-61.194
XDA.XsDeviceId,1790006401.711142,5182,-0.502,-0.436,-82.654
XDA.XsDeviceId,1790006401.711147,5182,-0.119,-1.019,-61.195
XDA.XsDeviceId,1790006401.727097,5183,-0.503,-0.435,-82.656
XDA.XsDeviceId,1790006401.727104,5183,-0.119,-1.020,-61.191
XDA.XsDeviceId,1790006401.743097,5184,-0.502,-0.435,-82.655
XDA.XsDeviceId,1790006401.743103,5184,-0.118,-1.020,-61.201
XDA.XsDeviceId,1790006401.758930,5185,-0.502,-0.436,-82.655
XDA.XsDeviceId,1790006401.758936,5185,-0.117,-1.020,-61.208
XDA.XsDeviceId,1790006401.775101,5186,-0.502,-0.435,-82.655
XDA.XsDeviceId,1790006401.775108,5186,-0.117,-1.019,-61.201
XDA.XsDeviceId,1790006401.791047,5187,-0.502,-0.434,-82.654
XDA.XsDeviceId,1790006401.791141,5187,-0.115,-1.018,-61.207
XDA.XsDeviceId,1790006401.807290,5188,-0.500,-0.436,-82.653
XDA.XsDeviceId,1790006401.807299,5188,-0.115,-1.019,-61.201
XDA.XsDeviceId,1790006401.823075,5189,-0.499,-0.438,-82.656
XDA.XsDeviceId,1790006401.823078,5189,-0.117,-1.017,-61.204
XDA.XsDeviceId,1790006401.839051,5190,-0.500,-0.435,-82.654
XDA.XsDeviceId,1790006401.855150,5190,-0.115,-1.017,-61.202
XDA.XsDeviceId,1790006401.870955,5191,-0.501,-0.435,-82.655
XDA.XsDeviceId,1790006401.870970,5191,-0.114,-1.017,-61.197
XDA.XsDeviceId,1790006401.887124,5192,-0.501,-0.435,-82.655
XDA.XsDeviceId,1790006401.887131,5192,-0.115,-1.017,-61.190
XDA.XsDeviceId,1790006401.903228,5193,-0.500,-0.433,-82.655
XDA.XsDeviceId,1790006401.903235,5193,-0.113,-1.016,-61.190
XDA.XsDeviceId,1790006401.918920,5194,-0.500,-0.435,-82.653
XDA.XsDeviceId,1790006401.918924,5194,-0.114,-1.016,-61.198
XDA.XsDeviceId,1790006401.934967,5195,-0.499,-0.433,-82.654
XDA.XsDeviceId,1790006401.934972,5195,-0.112,-1.014,-61.201
XDA.XsDeviceId,1790006401.953753,5196,-0.500,-0.434,-82.653
XDA.XsDeviceId,1790006401.953764,5196,-0.112,-1.015,-61.198
XDA.XsDeviceId,1790006401.963981,5197,-0.499,-0.434,-82.653
XDA.XsDeviceId,1790006401.963996,5197,-0.113,-1.015,-61.195
XDA.XsDeviceId,1790006401.979922,5198,-0.500,-0.433,-82.655
XDA.XsDeviceId,1790006401.979928,5198,-0.112,-1.015,-61.193
XDA.XsDeviceId,1790006401.995740,5199,-0.500,-0.435,-82.652
XDA.XsDeviceId,1790006401.995747,5199,-0.112,-1.016,-61.195
XDA.XsDeviceId,1790006402.011506,5200,-0.501,-0.434,-82.653
XDA.XsDeviceId,1790006402.011513,5200,-0.113,-1.017,-61.206
XDA.XsDeviceId,1790006402.027570,5201,-0.501,-0.435,-82.649
XDA.XsDeviceId,1790006402.027592,5201,-0.113,-1.016,-61.207
XDA.XsDeviceId,1790006402.043631,5202,-0.502,-0.435,-82.650
XDA.XsDeviceId,1790006402.043636,5202,-0.114,-1.017,-61.216
XDA.XsDeviceId,1790006402.059465,5203,-0.502,-0.437,-82.649
XDA.XsDeviceId,1790006402.059472,5203,-0.115,-1.018,-61.226
XDA.XsDeviceId,1790006402.075540,5204,-0.500,-0.435,-82.647
XDA.XsDeviceId,1790006402.075548,5204,-0.115,-1.018,-61.215
XDA.XsDeviceId,1790006402.091642,5205,-0.502,-0.436,-82.649
XDA.XsDeviceId,1790006402.091649,5205,-0.116,-1.017,-61.211
XDA.XsDeviceId,1790006402.107654,5206,-0.502,-0.437,-82.650
XDA.XsDeviceId,1790006402.107660,5206,-0.115,-1.017,-61.202
XDA.XsDeviceId,1790006402.123809,5207,-0.502,-0.437,-82.649
XDA.XsDeviceId,1790006402.123817,5207,-0.115,-1.019,-61.200
XDA.XsDeviceId,1790006402.139655,5208,-0.500,-0.437,-82.650
XDA.XsDeviceId,1790006402.139662,5208,-0.116,-1.020,-61.204
XDA.XsDeviceId,1790006402.171350,5209,-0.501,-0.437,-82.649
XDA.XsDeviceId,1790006402.171362,5209,-0.115,-1.020,-61.209
XDA.XsDeviceId,1790006402.187342,5210,-0.502,-0.436,-82.648
XDA.XsDeviceId,1790006402.187349,5210,-0.114,-1.020,-61.205
XDA.XsDeviceId,1790006402.203124,5211,-0.502,-0.437,-82.646
XDA.XsDeviceId,1790006402.203126,5211,-0.116,-1.020,-61.212
XDA.XsDeviceId,1790006402.218987,5212,-0.501,-0.436,-82.647
XDA.XsDeviceId,1790006402.218994,5212,-0.114,-1.023,-61.225
XDA.XsDeviceId,1790006402.234859,5213,-0.500,-0.438,-82.646
XDA.XsDeviceId,1790006402.234866,5213,-0.115,-1.022,-61.222
XDA.XsDeviceId,1790006402.250750,5214,-0.502,-0.438,-82.646
XDA.XsDeviceId,1790006402.250756,5214,-0.115,-1.023,-61.216
XDA.XsDeviceId,1790006402.266760,5215,-0.501,-0.438,-82.642
XDA.XsDeviceId,1790006402.266859,5215,-0.116,-1.022,-61.213
XDA.XsDeviceId,1790006402.282799,5216,-0.500,-0.439,-82.643
XDA.XsDeviceId,1790006402.282804,5216,-0.115,-1.021,-61.207
XDA.XsDeviceId,1790006402.298747,5217,-0.500,-0.438,-82.643
XDA.XsDeviceId,1790006402.298749,5217,-0.115,-1.021,-61.216
XDA.XsDeviceId,1790006402.314694,5218,-0.501,-0.439,-82.644
XDA.XsDeviceId,1790006402.314699,5218,-0.115,-1.021,-61.212
XDA.XsDeviceId,1790006402.330683,5219,-0.499,-0.439,-82.645
XDA.XsDeviceId,1790006402.330688,5219,-0.114,-1.020,-61.209
XDA.XsDeviceId,1790006402.346799,5220,-0.500,-0.440,-82.645
XDA.XsDeviceId,1790006402.346806,5220,-0.114,-1.021,-61.210
XDA.XsDeviceId,1790006402.362701,5221,-0.498,-0.441,-82.646
XDA.XsDeviceId,1790006402.362703,5221,-0.114,-1.022,-61.203
XDA.XsDeviceId,1790006402.378694,5222,-0.500,-0.440,-82.646
XDA.XsDeviceId,1790006402.378702,5222,-0.115,-1.020,-61.208
XDA.XsDeviceId,1790006402.394686,5223,-0.501,-0.442,-82.646
XDA.XsDeviceId,1790006402.394693,5223,-0.114,-1.022,-61.212
XDA.XsDeviceId,1790006402.410494,5224,-0.501,-0.443,-82.643
XDA.XsDeviceId,1790006402.410500,5224,-0.114,-1.020,-61.212
XDA.XsDeviceId,1790006402.426476,5225,-0.500,-0.443,-82.643
XDA.XsDeviceId,1790006402.426483,5225,-0.114,-1.020,-61.223
XDA.XsDeviceId,1790006402.442721,5226,-0.500,-0.443,-82.642
XDA.XsDeviceId,1790006402.442729,5226,-0.115,-1.021,-61.220
XDA.XsDeviceId,1790006402.458642,5227,-0.497,-0.443,-82.642
XDA.XsDeviceId,1790006402.458648,5227,-0.114,-1.024,-61.214
XDA.XsDeviceId,1790006402.474413,5228,-0.498,-0.442,-82.641
XDA.XsDeviceId,1790006402.474418,5228,-0.116,-1.023,-61.211
XDA.XsDeviceId,1790006402.490624,5229,-0.500,-0.443,-82.643
XDA.XsDeviceId,1790006402.490630,5229,-0.115,-1.022,-61.209
XDA.XsDeviceId,1790006402.506758,5230,-0.498,-0.444,-82.641
XDA.XsDeviceId,1790006402.506764,5230,-0.114,-1.023,-61.214
XDA.XsDeviceId,1790006402.522719,5231,-0.499,-0.443,-82.639
XDA.XsDeviceId,1790006402.522724,5231,-0.113,-1.021,-61.218
XDA.XsDeviceId,1790006402.538686,5232,-0.500,-0.443,-82.638
XDA.XsDeviceId,1790006402.554408,5232,-0.113,-1.021,-61.220
XDA.XsDeviceId,1790006402.570509,5233,-0.500,-0.443,-82.638
XDA.XsDeviceId,1790006402.570511,5233,-0.113,-1.020,-61.218
XDA.XsDeviceId,1790006402.586601,5234,-0.499,-0.443,-82.637
XDA.XsDeviceId,1790006402.586644,5234,-0.113,-1.021,-61.220
XDA.XsDeviceId,1790006402.602854,5235,-0.498,-0.443,-82.635
XDA.XsDeviceId,1790006402.602861,5235,-0.113,-1.021,-61.220
XDA.XsDeviceId,1790006402.618661,5236,-0.499,-0.443,-82.631
XDA.XsDeviceId,1790006402.618667,5236,-0.113,-1.021,-61.226
XDA.XsDeviceId,1790006402.634875,5237,-0.499,-0.444,-82.628
XDA.XsDeviceId,1790006402.634883,5237,-0.111,-1.021,-61.228
XDA.XsDeviceId,1790006402.650941,5238,-0.499,-0.445,-82.630
XDA.XsDeviceId,1790006402.650947,5238,-0.113,-1.020,-61.222
XDA.XsDeviceId,1790006402.666818,5239,-0.499,-0.445,-82.630
XDA.XsDeviceId,1790006402.666823,5239,-0.112,-1.020,-61.228
XDA.XsDeviceId,1790006402.682951,5240,-0.499,-0.445,-82.630
XDA.XsDeviceId,1790006402.682956,5240,-0.112,-1.021,-61.231
XDA.XsDeviceId,1790006402.699136,5241,-0.499,-0.447,-82.630
XDA.XsDeviceId,1790006402.699142,5241,-0.109,-1.019,-61.225
XDA.XsDeviceId,1790006402.715339,5242,-0.500,-0.447,-82.629
XDA.XsDeviceId,1790006402.715346,5242,-0.103,-0.995,-60.574
XDA.XsDeviceId,1790006402.730972,5243,-0.500,-0.446,-82.631
XDA.XsDeviceId,1790006402.730977,5243,-0.082,-0.958,-59.953
XDA.XsDeviceId,1790006402.747115,5244,-0.501,-0.447,-82.630
XDA.XsDeviceId,1790006402.747118,5244,0.739,-1.150,-59.968
XDA.XsDeviceId,1790006402.763138,5245,-0.502,-0.447,-82.627
XDA.XsDeviceId,1790006402.763146,5245,2.890,-1.635,-58.420
XDA.XsDeviceId,1790006402.778977,5246,-0.501,-0.447,-82.628
XDA.XsDeviceId,1790006402.778983,5246,4.427,-2.228,-57.539
XDA.XsDeviceId,1790006402.794902,5247,-0.501,-0.450,-82.629
XDA.XsDeviceId,1790006402.794910,5247,5.006,-3.104,-57.933
XDA.XsDeviceId,1790006402.810796,5248,-0.509,-0.442,-82.640
XDA.XsDeviceId,1790006402.810802,5248,4.727,-3.107,-58.189
XDA.XsDeviceId,1790006402.826751,5249,-0.509,-0.443,-82.641
XDA.XsDeviceId,1790006402.826758,5249,3.684,-2.685,-58.515
XDA.XsDeviceId,1790006402.842841,5250,-0.508,-0.443,-82.639
XDA.XsDeviceId,1790006402.842846,5250,2.067,-2.360,-58.952
XDA.XsDeviceId,1790006402.858884,5251,-0.507,-0.442,-82.639
XDA.XsDeviceId,1790006402.858935,5251,-0.197,-2.203,-59.254
XDA.XsDeviceId,1790006402.875037,5252,-0.509,-0.444,-82.639
XDA.XsDeviceId,1790006402.875042,5252,-3.039,-2.288,-59.243
XDA.XsDeviceId,1790006402.891123,5253,-0.508,-0.444,-82.639
XDA.XsDeviceId,1790006402.891131,5253,-6.147,-2.663,-59.192
XDA.XsDeviceId,1790006402.906836,5254,-0.508,-0.444,-82.641
XDA.XsDeviceId,1790006402.906844,5254,-9.205,-3.376,-59.119
XDA.XsDeviceId,1790006402.922648,5255,-0.508,-0.446,-82.642
XDA.XsDeviceId,1790006402.938568,5255,-12.147,-4.322,-58.917
XDA.XsDeviceId,1790006402.954383,5256,-0.509,-0.446,-82.644
XDA.XsDeviceId,1790006402.954391,5256,-14.901,-5.423,-58.781
XDA.XsDeviceId,1790006402.970334,5257,-0.510,-0.447,-82.643
XDA.XsDeviceId,1790006402.970342,5257,-17.442,-6.330,-58.519
XDA.XsDeviceId,1790006402.986557,5258,-0.509,-0.447,-82.644
XDA.XsDeviceId,1790006402.986563,5258,-19.757,-6.998,-58.227
XDA.XsDeviceId,1790006403.002510,5259,-0.511,-0.448,-82.642
XDA.XsDeviceId,1790006403.002517,5259,-21.810,-7.604,-58.040
XDA.XsDeviceId,1790006403.018551,5260,-0.512,-0.447,-82.641
XDA.XsDeviceId,1790006403.018558,5260,-23.450,-8.499,-58.140
XDA.XsDeviceId,1790006403.034579,5261,-0.511,-0.448,-82.641
XDA.XsDeviceId,1790006403.034582,5261,-24.607,-9.410,-58.347
XDA.XsDeviceId,1790006403.050411,5262,-0.511,-0.451,-82.643
XDA.XsDeviceId,1790006403.050418,5262,-25.244,-10.284,-58.572
XDA.XsDeviceId,1790006403.066585,5263,-0.511,-0.450,-82.644
XDA.XsDeviceId,1790006403.066592,5263,-25.476,-11.136,-58.825
XDA.XsDeviceId,1790006403.082475,5264,-0.512,-0.450,-82.645
XDA.XsDeviceId,1790006403.082482,5264,-25.425,-11.815,-59.068
XDA.XsDeviceId,1790006403.098422,5265,-0.512,-0.449,-82.645
XDA.XsDeviceId,1790006403.098426,5265,-25.142,-12.349,-59.335
XDA.XsDeviceId,1790006403.114668,5266,-0.513,-0.449,-82.644
XDA.XsDeviceId,1790006403.114676,5266,-24.636,-12.751,-59.567
XDA.XsDeviceId,1790006403.130593,5267,-0.514,-0.450,-82.645
XDA.XsDeviceId,1790006403.130599,5267,-23.933,-12.889,-59.753
XDA.XsDeviceId,1790006403.146597,5268,-0.513,-0.449,-82.648
XDA.XsDeviceId,1790006403.146604,5268,-22.957,-12.863,-59.958
XDA.XsDeviceId,1790006403.162464,5269,-0.512,-0.449,-82.644
XDA.XsDeviceId,1790006403.162468,5269,-21.718,-12.679,-60.185
XDA.XsDeviceId,1790006403.178460,5270,-0.512,-0.450,-82.647
XDA.XsDeviceId,1790006403.178466,5270,-20.313,-12.310,-60.408
XDA.XsDeviceId,1790006403.194382,5271,-0.512,-0.449,-82.647
XDA.XsDeviceId,1790006403.194400,5271,-18.855,-11.806,-60.598
XDA.XsDeviceId,1790006403.210290,5272,-0.513,-0.450,-82.648
XDA.XsDeviceId,1790006403.210296,5272,-17.413,-11.186,-60.783
XDA.XsDeviceId,1790006403.226425,5273,-0.512,-0.450,-82.648
XDA.XsDeviceId,1790006403.226430,5273,-15.989,-10.559,-60.925
XDA.XsDeviceId,1790006403.242532,5274,-0.512,-0.450,-82.648
XDA.XsDeviceId,1790006403.242537,5274,-14.552,-9.992,-61.027
XDA.XsDeviceId,1790006403.258463,5275,-0.513,-0.450,-82.650
XDA.XsDeviceId,1790006403.258468,5275,-13.072,-9.518,-61.142
XDA.XsDeviceId,1790006403.274393,5276,-0.513,-0.448,-82.650
XDA.XsDeviceId,1790006403.274424,5276,-11.512,-9.181,-61.297
XDA.XsDeviceId,1790006403.290106,5277,-0.514,-0.448,-82.649
XDA.XsDeviceId,1790006403.290114,5277,-9.942,-9.028,-61.424
XDA.XsDeviceId,1790006403.306076,5278,-0.514,-0.448,-82.650
XDA.XsDeviceId,1790006403.306082,5278,-8.445,-9.023,-61.452
XDA.XsDeviceId,1790006403.338126,5279,-0.515,-0.448,-82.649
XDA.XsDeviceId,1790006403.338134,5279,-7.157,-9.253,-61.493
XDA.XsDeviceId,1790006403.354367,5280,-0.515,-0.447,-82.649
XDA.XsDeviceId,1790006403.354374,5280,-6.244,-9.534,-61.484
XDA.XsDeviceId,1790006403.370270,5281,-0.514,-0.448,-82.649
XDA.XsDeviceId,1790006403.370277,5281,-5.695,-9.520,-61.120
XDA.XsDeviceId,1790006403.386231,5282,-0.516,-0.448,-82.650
XDA.XsDeviceId,1790006403.386238,5282,-5.109,-9.291,-60.750
XDA.XsDeviceId,1790006403.402236,5283,-0.518,-0.447,-82.650
XDA.XsDeviceId,1790006403.402242,5283,-4.314,-9.032,-60.620
XDA.XsDeviceId,1790006403.418161,5284,-0.518,-0.447,-82.650
XDA.XsDeviceId,1790006403.418262,5284,-3.577,-8.671,-60.618
XDA.XsDeviceId,1790006403.434183,5285,-0.518,-0.447,-82.648
XDA.XsDeviceId,1790006403.434189,5285,-3.202,-7.831,-60.416
XDA.XsDeviceId,1790006403.449978,5286,-0.518,-0.446,-82.649
XDA.XsDeviceId,1790006403.449983,5286,-3.157,-6.514,-59.694
XDA.XsDeviceId,1790006403.465895,5287,-0.516,-0.448,-82.650
XDA.XsDeviceId,1790006403.465900,5287,-3.098,-5.390,-58.767
XDA.XsDeviceId,1790006403.482119,5288,-0.518,-0.449,-82.651
XDA.XsDeviceId,1790006403.482127,5288,-2.879,-4.859,-58.161
XDA.XsDeviceId,1790006403.498044,5289,-0.516,-0.448,-82.651
XDA.XsDeviceId,1790006403.498050,5289,-2.493,-4.639,-57.785
XDA.XsDeviceId,1790006403.514161,5290,-0.516,-0.449,-82.650
XDA.XsDeviceId,1790006403.514169,5290,-2.061,-4.412,-57.467
XDA.XsDeviceId,1790006403.530059,5291,-0.515,-0.450,-82.649
XDA.XsDeviceId,1790006403.530061,5291,-1.678,-3.915,-57.140
XDA.XsDeviceId,1790006403.545960,5292,-0.514,-0.449,-82.652
XDA.XsDeviceId,1790006403.545963,5292,-1.294,-3.150,-56.697
XDA.XsDeviceId,1790006403.562009,5293,-0.514,-0.451,-82.651
XDA.XsDeviceId,1790006403.562016,5293,-0.872,-2.322,-56.378
XDA.XsDeviceId,1790006403.577654,5294,-0.514,-0.448,-82.651
XDA.XsDeviceId,1790006403.577657,5294,-0.438,-1.652,-56.014
XDA.XsDeviceId,1790006403.593722,5295,-0.514,-0.449,-82.650
XDA.XsDeviceId,1790006403.593725,5295,-0.118,-1.302,-55.489
XDA.XsDeviceId,1790006403.609687,5296,-0.513,-0.449,-82.649
XDA.XsDeviceId,1790006403.609693,5296,-0.349,-1.674,-54.804
XDA.XsDeviceId,1790006403.625653,5297,-0.514,-0.448,-82.650
XDA.XsDeviceId,1790006403.625659,5297,-1.004,-1.375,-53.774
XDA.XsDeviceId,1790006403.641600,5298,-0.516,-0.448,-82.649
XDA.XsDeviceId,1790006403.641604,5298,-1.297,-1.878,-53.267
XDA.XsDeviceId,1790006403.656831,5299,-0.516,-0.446,-82.652
XDA.XsDeviceId,1790006403.656848,5299,-1.352,-2.162,-52.951
XDA.XsDeviceId,1790006403.672964,5300,-0.516,-0.448,-82.651
XDA.XsDeviceId,1790006403.689236,5301,-0.516,-0.450,-82.651
XDA.XsDeviceId,1790006403.689245,5300,-1.456,-2.057,-52.898
XDA.XsDeviceId,1790006403.705022,5302,-0.518,-0.449,-82.651
XDA.XsDeviceId,1790006403.705028,5301,-1.532,-1.298,-52.928
XDA.XsDeviceId,1790006403.721140,5302,-1.539,-0.565,-53.161
XDA.XsDeviceId,1790006403.736767,5303,-0.516,-0.449,-82.652
XDA.XsDeviceId,1790006403.736773,5303,-0.376,-0.815,-53.235
XDA.XsDeviceId,1790006403.752760,5304,-0.515,-0.450,-82.651
XDA.XsDeviceId,1790006403.752767,5304,-0.256,-0.946,-52.742
XDA.XsDeviceId,1790006403.768450,5305,-0.515,-0.450,-82.649
XDA.XsDeviceId,1790006403.768454,5305,-0.257,-0.972,-52.329
XDA.XsDeviceId,1790006403.784578,5306,-0.516,-0.449,-82.650
XDA.XsDeviceId,1790006403.784583,5306,-0.247,-0.977,-51.868
XDA.XsDeviceId,1790006403.800533,5307,-0.515,-0.449,-82.650
XDA.XsDeviceId,1790006403.800536,5307,-0.236,-0.966,-51.751
XDA.XsDeviceId,1790006403.816387,5308,-0.515,-0.449,-82.649
XDA.XsDeviceId,1790006403.816393,5308,-0.234,-0.965,-51.750
XDA.XsDeviceId,1790006403.832374,5309,-0.514,-0.449,-82.648
XDA.XsDeviceId,1790006403.832377,5309,-0.233,-0.966,-51.751
XDA.XsDeviceId,1790006403.848401,5310,-0.515,-0.449,-82.649
XDA.XsDeviceId,1790006403.848408,5310,-0.231,-0.966,-51.749
XDA.XsDeviceId,1790006403.864072,5311,-0.515,-0.449,-82.650
XDA.XsDeviceId,1790006403.864082,5311,-0.232,-0.964,-51.749
XDA.XsDeviceId,1790006403.880217,5312,-0.516,-0.447,-82.650
XDA.XsDeviceId,1790006403.880219,5312,-0.232,-0.964,-51.748
XDA.XsDeviceId,1790006403.896206,5313,-0.516,-0.448,-82.648
XDA.XsDeviceId,1790006403.896213,5313,-0.231,-0.962,-51.749
XDA.XsDeviceId,1790006403.911948,5314,-0.516,-0.449,-82.648
XDA.XsDeviceId,1790006403.911954,5314,-0.231,-0.960,-51.750
XDA.XsDeviceId,1790006403.928106,5315,-0.517,-0.449,-82.648
XDA.XsDeviceId,1790006403.928113,5315,-0.229,-0.960,-51.749
XDA.XsDeviceId,1790006403.944304,5316,-0.517,-0.447,-82.646
XDA.XsDeviceId,1790006403.944312,5316,-0.228,-0.962,-51.749
XDA.XsDeviceId,1790006403.959118,5317,-0.517,-0.447,-82.647
XDA.XsDeviceId,1790006403.959125,5317,-0.227,-0.962,-51.750
XDA.XsDeviceId,1790006403.975154,5318,-0.516,-0.449,-82.647
XDA.XsDeviceId,1790006403.975297,5318,-0.227,-0.960,-51.750
XDA.XsDeviceId,1790006403.997381,5319,-0.517,-0.447,-82.649
XDA.XsDeviceId,1790006403.997389,5319,-0.227,-0.960,-51.748
XDA.XsDeviceId,1790006404.013385,5320,-0.516,-0.448,-82.649
XDA.XsDeviceId,1790006404.013393,5320,-0.226,-0.961,-51.750
XDA.XsDeviceId,1790006404.029430,5321,-0.516,-0.449,-82.649
XDA.XsDeviceId,1790006404.029491,5321,-0.227,-0.961,-51.750
XDA.XsDeviceId,1790006404.045598,5322,-0.516,-0.448,-82.649
XDA.XsDeviceId,1790006404.045602,5322,-0.226,-0.960,-51.750
XDA.XsDeviceId,1790006404.061795,5323,-0.516,-0.450,-82.649
XDA.XsDeviceId,1790006404.061800,5323,-0.225,-0.961,-51.752
XDA.XsDeviceId,1790006404.077688,5324,-0.515,-0.449,-82.649
XDA.XsDeviceId,1790006404.077696,5324,-0.225,-0.959,-51.750
XDA.XsDeviceId,1790006404.093710,5325,-0.515,-0.450,-82.649
XDA.XsDeviceId,1790006404.093718,5325,-0.225,-0.960,-51.750
XDA.XsDeviceId,1790006404.109850,5326,-0.514,-0.450,-82.648
XDA.XsDeviceId,1790006404.109865,5326,-0.224,-0.959,-51.750
XDA.XsDeviceId,1790006404.125656,5327,-0.498,-0.441,-82.608
XDA.XsDeviceId,1790006404.125662,5327,-0.225,-0.958,-51.749
XDA.XsDeviceId,1790006404.141792,5328,-0.539,-0.339,-79.252
XDA.XsDeviceId,1790006404.141799,5328,-0.225,-0.957,-51.749
XDA.XsDeviceId,1790006404.157786,5329,-0.079,-0.010,-75.258
XDA.XsDeviceId,1790006404.157796,5329,-0.225,-0.956,-51.749
XDA.XsDeviceId,1790006404.173912,5330,0.336,1.750,-74.455
XDA.XsDeviceId,1790006404.173918,5330,-0.226,-0.956,-51.749
XDA.XsDeviceId,1790006404.189902,5331,1.119,3.634,-72.760
XDA.XsDeviceId,1790006404.189907,5331,-0.226,-0.956,-51.748
XDA.XsDeviceId,1790006404.205750,5332,2.683,4.466,-71.872
XDA.XsDeviceId,1790006404.221476,5332,-0.226,-0.956,-51.748
XDA.XsDeviceId,1790006404.237715,5333,4.053,4.331,-71.488
XDA.XsDeviceId,1790006404.237722,5333,-0.226,-0.956,-51.749
XDA.XsDeviceId,1790006404.253539,5334,4.552,3.397,-71.077
XDA.XsDeviceId,1790006404.253556,5334,-0.225,-0.955,-51.750
XDA.XsDeviceId,1790006404.269604,5335,3.805,1.806,-70.408
XDA.XsDeviceId,1790006404.269609,5335,-0.226,-0.957,-51.750
XDA.XsDeviceId,1790006404.285676,5336,2.038,-0.358,-69.458
XDA.XsDeviceId,1790006404.285683,5336,-0.225,-0.958,-51.750
XDA.XsDeviceId,1790006404.301888,5337,-0.134,-2.929,-68.533
XDA.XsDeviceId,1790006404.301894,5337,-0.226,-0.958,-51.750
XDA.XsDeviceId,1790006404.318063,5338,-2.018,-5.899,-68.138
XDA.XsDeviceId,1790006404.318070,5338,-0.225,-0.957,-51.750
XDA.XsDeviceId,1790006404.333918,5339,-3.248,-9.222,-68.406
XDA.XsDeviceId,1790006404.333924,5339,-0.225,-0.958,-51.750
XDA.XsDeviceId,1790006404.349818,5340,-4.035,-12.561,-68.847
XDA.XsDeviceId,1790006404.349823,5340,-0.225,-0.959,-51.748
XDA.XsDeviceId,1790006404.365608,5341,-4.674,-15.661,-69.011
XDA.XsDeviceId,1790006404.365614,5341,-0.225,-0.960,-51.750
XDA.XsDeviceId,1790006404.381320,5342,-5.302,-18.521,-68.898
XDA.XsDeviceId,1790006404.381421,5342,-0.226,-0.960,-51.749
XDA.XsDeviceId,1790006404.397331,5343,-6.046,-21.093,-68.636
XDA.XsDeviceId,1790006404.397341,5343,-0.225,-0.960,-51.748
XDA.XsDeviceId,1790006404.413394,5344,-6.795,-23.495,-68.337
XDA.XsDeviceId,1790006404.413400,5344,-0.225,-0.961,-51.748
XDA.XsDeviceId,1790006404.429405,5345,-7.574,-25.695,-68.086
XDA.XsDeviceId,1790006404.429410,5345,-0.224,-0.960,-51.749
XDA.XsDeviceId,1790006404.445395,5346,-8.429,-27.695,-67.788
XDA.XsDeviceId,1790006404.445399,5346,-0.223,-0.961,-51.749
XDA.XsDeviceId,1790006404.461154,5347,-9.462,-29.511,-67.484
XDA.XsDeviceId,1790006404.461161,5347,-0.222,-0.962,-51.751
XDA.XsDeviceId,1790006404.476963,5348,-10.531,-31.189,-67.153
XDA.XsDeviceId,1790006404.476968,5348,-0.222,-0.961,-51.751
XDA.XsDeviceId,1790006404.492922,5349,-11.444,-32.602,-66.846
XDA.XsDeviceId,1790006404.492927,5349,-0.221,-0.960,-51.752
XDA.XsDeviceId,1790006404.508644,5350,-11.985,-33.749,-66.730
XDA.XsDeviceId,1790006404.508670,5350,-0.222,-0.960,-51.753
XDA.XsDeviceId,1790006404.524592,5351,-12.227,-34.703,-66.720
XDA.XsDeviceId,1790006404.524599,5351,-0.221,-0.961,-51.753
XDA.XsDeviceId,1790006404.540691,5352,-12.279,-35.465,-66.717
XDA.XsDeviceId,1790006404.540698,5352,-0.221,-0.960,-51.753
XDA.XsDeviceId,1790006404.556701,5353,-12.170,-36.007,-66.781
XDA.XsDeviceId,1790006404.556708,5353,-0.222,-0.962,-51.752
XDA.XsDeviceId,1790006404.572518,5354,-11.924,-36.358,-66.857
XDA.XsDeviceId,1790006404.572524,5354,-0.221,-0.962,-51.753
XDA.XsDeviceId,1790006404.604678,5355,-11.574,-36.417,-67.029
XDA.XsDeviceId,1790006404.604683,5355,-0.220,-0.962,-51.753
XDA.XsDeviceId,1790006404.620484,5356,-11.269,-36.164,-67.191
XDA.XsDeviceId,1790006404.620487,5356,-0.221,-0.962,-51.752
XDA.XsDeviceId,1790006404.636673,5357,-11.009,-35.517,-67.304
XDA.XsDeviceId,1790006404.636679,5357,-0.221,-0.963,-51.751
XDA.XsDeviceId,1790006404.652681,5358,-10.787,-34.466,-67.280
XDA.XsDeviceId,1790006404.652686,5358,-0.222,-0.963,-51.753
XDA.XsDeviceId,1790006404.668608,5359,-10.388,-33.108,-67.297
XDA.XsDeviceId,1790006404.668611,5359,-0.220,-0.963,-51.753
XDA.XsDeviceId,1790006404.684676,5360,-9.793,-31.462,-67.555
XDA.XsDeviceId,1790006404.684697,5360,-0.218,-0.963,-51.753
XDA.XsDeviceId,1790006404.700705,5361,-9.259,-29.628,-67.827
XDA.XsDeviceId,1790006404.700709,5361,-0.218,-0.963,-51.753
XDA.XsDeviceId,1790006404.716760,5362,-8.900,-27.745,-67.880
XDA.XsDeviceId,1790006404.716772,5362,-0.217,-0.961,-51.752
XDA.XsDeviceId,1790006404.732683,5363,-9.081,-25.864,-67.134
XDA.XsDeviceId,1790006404.732685,5363,-0.216,-0.962,-51.754
XDA.XsDeviceId,1790006404.748762,5364,-9.554,-24.058,-65.763
XDA.XsDeviceId,1790006404.748764,5364,-0.217,-0.963,-51.753
XDA.XsDeviceId,1790006404.764687,5365,-9.741,-22.271,-64.236
XDA.XsDeviceId,1790006404.764693,5365,-0.217,-0.962,-51.754
XDA.XsDeviceId,1790006404.780684,5366,-9.819,-20.113,-62.861
XDA.XsDeviceId,1790006404.780690,5366,-0.216,-0.961,-51.755
XDA.XsDeviceId,1790006404.796739,5367,-9.736,-17.842,-61.615
XDA.XsDeviceId,1790006404.796745,5367,-0.215,-0.961,-51.754
XDA.XsDeviceId,1790006404.812531,5368,-9.057,-15.845,-60.684
XDA.XsDeviceId,1790006404.812540,5368,-0.215,-0.961,-51.753
XDA.XsDeviceId,1790006404.828434,5369,-7.876,-14.237,-59.663
XDA.XsDeviceId,1790006404.828439,5369,-0.215,-0.961,-51.753
XDA.XsDeviceId,1790006404.844373,5370,-6.405,-13.036,-58.658
XDA.XsDeviceId,1790006404.844378,5370,-0.214,-0.962,-51.753
XDA.XsDeviceId,1790006404.860434,5371,-4.710,-11.871,-58.113
XDA.XsDeviceId,1790006404.860442,5371,-0.212,-0.960,-51.753
XDA.XsDeviceId,1790006404.876400,5372,-3.032,-10.410,-57.625
XDA.XsDeviceId,1790006404.876407,5372,-0.213,-0.961,-51.751
XDA.XsDeviceId,1790006404.892063,5373,-1.466,-8.697,-57.107
XDA.XsDeviceId,1790006404.892068,5373,-0.213,-0.964,-51.752
XDA.XsDeviceId,1790006404.908008,5374,0.155,-7.109,-56.734
XDA.XsDeviceId,1790006404.908013,5374,-0.214,-0.963,-51.753
XDA.XsDeviceId,1790006404.923936,5375,1.881,-5.786,-56.864
XDA.XsDeviceId,1790006404.923943,5375,-0.214,-0.963,-51.753
XDA.XsDeviceId,1790006404.939689,5376,3.276,-4.743,-57.048
XDA.XsDeviceId,1790006404.939691,5376,-0.214,-0.964,-51.753
XDA.XsDeviceId,1790006404.955791,5377,4.307,-3.888,-57.431
XDA.XsDeviceId,1790006404.971823,5377,-0.214,-0.963,-51.752
XDA.XsDeviceId,1790006404.987656,5378,4.842,-2.980,-57.996
XDA.XsDeviceId,1790006404.987662,5378,-0.213,-0.962,-51.752
XDA.XsDeviceId,1790006405.003652,5379,4.931,-2.095,-58.338
XDA.XsDeviceId,1790006405.003656,5379,-0.213,-0.961,-51.752
XDA.XsDeviceId,1790006405.015002,5380,4.569,-1.317,-58.342
XDA.XsDeviceId,1790006405.015007,5380,-0.212,-0.961,-51.752
XDA.XsDeviceId,1790006405.030849,5381,3.941,-0.660,-58.266
XDA.XsDeviceId,1790006405.030855,5381,-0.213,-0.961,-51.751
XDA.XsDeviceId,1790006405.047012,5382,3.100,-0.038,-58.012
XDA.XsDeviceId,1790006405.047018,5382,-0.213,-0.960,-51.751
XDA.XsDeviceId,1790006405.063246,5383,2.228,0.585,-57.737
XDA.XsDeviceId,1790006405.063251,5383,-0.212,-0.958,-51.751
XDA.XsDeviceId,1790006405.079506,5384,-0.712,-0.264,-57.787
XDA.XsDeviceId,1790006405.079513,5384,-0.210,-0.960,-51.753
XDA.XsDeviceId,1790006405.095286,5385,-0.715,-0.291,-58.717
XDA.XsDeviceId,1790006405.095291,5385,-0.210,-0.960,-51.752
XDA.XsDeviceId,1790006405.111093,5386,-0.723,-0.293,-59.121
XDA.XsDeviceId,1790006405.111097,5386,-0.211,-0.959,-51.753
XDA.XsDeviceId,1790006405.127365,5387,-0.750,-0.315,-59.595
XDA.XsDeviceId,1790006405.127373,5387,-0.212,-0.959,-51.754
XDA.XsDeviceId,1790006405.143181,5388,-0.749,-0.305,-59.798
XDA.XsDeviceId,1790006405.143188,5388,-0.210,-0.961,-51.753
XDA.XsDeviceId,1790006405.158950,5389,-0.741,-0.302,-59.809
XDA.XsDeviceId,1790006405.158953,5389,-0.209,-0.961,-51.753
XDA.XsDeviceId,1790006405.174948,5390,-0.745,-0.316,-59.736
XDA.XsDeviceId,1790006405.174954,5390,-0.209,-0.960,-51.753
XDA.XsDeviceId,1790006405.191107,5391,-0.760,-0.331,-59.318
XDA.XsDeviceId,1790006405.191114,5391,-0.209,-0.960,-51.751
XDA.XsDeviceId,1790006405.207274,5392,-0.732,-0.323,-59.234
XDA.XsDeviceId,1790006405.207277,5392,-0.208,-0.960,-51.751
XDA.XsDeviceId,1790006405.223482,5393,-0.730,-0.324,-59.230
XDA.XsDeviceId,1790006405.223524,5393,-0.208,-0.960,-51.751
XDA.XsDeviceId,1790006405.239705,5394,-0.730,-0.324,-59.226
XDA.XsDeviceId,1790006405.239711,5394,-0.208,-0.960,-51.752
XDA.XsDeviceId,1790006405.271696,5395,-0.730,-0.322,-59.222
XDA.XsDeviceId,1790006405.271702,5395,-0.206,-0.960,-51.753
XDA.XsDeviceId,1790006405.287931,5396,-0.729,-0.321,-59.219
XDA.XsDeviceId,1790006405.287938,5396,-0.205,-0.963,-51.752
XDA.XsDeviceId,1790006405.303972,5397,-0.731,-0.323,-59.215
XDA.XsDeviceId,1790006405.303978,5397,-0.205,-0.964,-51.752
XDA.XsDeviceId,1790006405.319816,5398,-0.730,-0.323,-59.212
XDA.XsDeviceId,1790006405.319819,5398,-0.207,-0.962,-51.751
XDA.XsDeviceId,1790006405.335860,5399,-0.732,-0.322,-59.209
XDA.XsDeviceId,1790006405.335863,5399,-0.206,-0.962,-51.752
XDA.XsDeviceId,1790006405.351803,5400,-0.733,-0.322,-59.206
XDA.XsDeviceId,1790006405.351805,5400,-0.207,-0.961,-51.755
XDA.XsDeviceId,1790006405.368063,5401,-0.733,-0.322,-59.199
XDA.XsDeviceId,1790006405.368066,5401,-0.207,-0.961,-51.755
XDA.XsDeviceId,1790006405.383912,5402,-0.734,-0.322,-59.197
XDA.XsDeviceId,1790006405.383918,5402,-0.207,-0.962,-51.755
XDA.XsDeviceId,1790006405.399985,5403,-0.736,-0.323,-59.191
XDA.XsDeviceId,1790006405.399988,5403,-0.206,-0.962,-51.755
XDA.XsDeviceId,1790006405.415998,5404,-0.735,-0.322,-59.189
XDA.XsDeviceId,1790006405.416004,5404,-0.207,-0.962,-51.755
XDA.XsDeviceId,1790006405.432031,5405,-0.737,-0.321,-59.186
XDA.XsDeviceId,1790006405.432032,5405,-0.207,-0.962,-51.755
XDA.XsDeviceId,1790006405.447870,5406,-0.736,-0.322,-59.183
XDA.XsDeviceId,1790006405.447872,5406,-0.205,-0.964,-51.755
XDA.XsDeviceId,1790006405.463064,5407,-0.736,-0.322,-59.178
XDA.XsDeviceId,1790006405.463068,5407,-0.206,-0.962,-51.755
XDA.XsDeviceId,1790006405.478978,5408,-0.738,-0.323,-59.175
XDA.XsDeviceId,1790006405.478985,5408,-0.207,-0.962,-51.755
XDA.XsDeviceId,1790006405.494897,5409,-0.738,-0.321,-59.171
XDA.XsDeviceId,1790006405.494905,5409,-0.206,-0.963,-51.755
XDA.XsDeviceId,1790006405.511087,5410,-0.738,-0.322,-59.167
XDA.XsDeviceId,1790006405.511097,5410,-0.205,-0.963,-51.756
XDA.XsDeviceId,1790006405.527084,5411,-0.738,-0.320,-59.164
XDA.XsDeviceId,1790006405.527086,5411,-0.206,-0.964,-51.756
XDA.XsDeviceId,1790006405.543055,5412,-0.739,-0.319,-59.161
XDA.XsDeviceId,1790006405.543071,5412,-0.204,-0.963,-51.756
XDA.XsDeviceId,1790006405.559344,5413,-0.739,-0.318,-59.157
XDA.XsDeviceId,1790006405.559351,5413,-0.204,-0.963,-51.756
XDA.XsDeviceId,1790006405.575313,5414,-0.739,-0.319,-59.154
XDA.XsDeviceId,1790006405.575318,5414,-0.204,-0.964,-51.755
XDA.XsDeviceId,1790006405.591569,5415,-0.739,-0.319,-59.149
XDA.XsDeviceId,1790006405.591592,5415,-0.204,-0.963,-51.756
XDA.XsDeviceId,1790006405.607520,5416,-0.740,-0.320,-59.144
XDA.XsDeviceId,1790006405.607527,5416,-0.204,-0.964,-51.756
XDA.XsDeviceId,1790006405.623319,5417,-0.740,-0.320,-59.141
XDA.XsDeviceId,1790006405.623327,5417,-0.204,-0.964,-51.756
XDA.XsDeviceId,1790006405.638982,5418,-0.741,-0.319,-59.138
XDA.XsDeviceId,1790006405.638988,5418,-0.205,-0.964,-51.757
XDA.XsDeviceId,1790006405.670904,5419,-0.740,-0.319,-59.134
XDA.XsDeviceId,1790006405.670913,5419,-0.203,-0.963,-51.757
XDA.XsDeviceId,1790006405.687209,5420,-0.741,-0.319,-59.128
XDA.XsDeviceId,1790006405.687217,5420,-0.204,-0.964,-51.758
XDA.XsDeviceId,1790006405.703230,5421,-0.742,-0.318,-59.125
XDA.XsDeviceId,1790006405.703236,5421,-0.206,-0.962,-51.759
XDA.XsDeviceId,1790006405.719402,5422,-0.742,-0.318,-59.121
XDA.XsDeviceId,1790006405.719407,5422,-0.206,-0.963,-51.758
XDA.XsDeviceId,1790006405.735354,5423,-0.743,-0.317,-59.117
XDA.XsDeviceId,1790006405.735362,5423,-0.205,-0.964,-51.759
XDA.XsDeviceId,1790006405.751598,5424,-0.743,-0.318,-59.114
XDA.XsDeviceId,1790006405.751608,5424,-0.205,-0.963,-51.759
XDA.XsDeviceId,1790006405.767532,5425,-0.744,-0.319,-59.110
XDA.XsDeviceId,1790006405.767540,5425,-0.203,-0.963,-51.761
XDA.XsDeviceId,1790006405.783487,5426,-0.744,-0.319,-59.107
XDA.XsDeviceId,1790006405.783494,5426,-0.204,-0.963,-51.761
XDA.XsDeviceId,1790006405.799312,5427,-0.745,-0.319,-59.103
XDA.XsDeviceId,1790006405.799320,5427,-0.204,-0.964,-51.760
XDA.XsDeviceId,1790006405.815525,5428,-0.745,-0.319,-59.101
XDA.XsDeviceId,1790006405.815530,5428,-0.201,-0.963,-51.761
XDA.XsDeviceId,1790006405.831336,5429,-0.746,-0.319,-59.098
XDA.XsDeviceId,1790006405.831342,5429,-0.204,-0.962,-51.761
XDA.XsDeviceId,1790006405.847352,5430,-0.745,-0.320,-59.096
XDA.XsDeviceId,1790006405.847358,5430,-0.202,-0.963,-51.759
XDA.XsDeviceId,1790006405.863380,5431,-0.748,-0.322,-59.091
XDA.XsDeviceId,1790006405.863387,5431,-0.204,-0.964,-51.761
XDA.XsDeviceId,1790006405.879543,5432,-0.748,-0.324,-59.088
XDA.XsDeviceId,1790006405.879550,5432,-0.204,-0.966,-51.760
XDA.XsDeviceId,1790006405.895410,5433,-0.744,-0.321,-59.086
XDA.XsDeviceId,1790006405.895461,5433,-0.201,-0.959,-51.762
XDA.XsDeviceId,1790006405.911381,5434,-0.750,-0.323,-59.083
XDA.XsDeviceId,1790006405.911387,5434,-0.207,-0.961,-51.761
XDA.XsDeviceId,1790006405.927435,5435,-0.744,-0.322,-59.082
XDA.XsDeviceId,1790006405.927445,5435,-0.203,-0.962,-51.760
XDA.XsDeviceId,1790006405.943504,5436,-0.748,-0.324,-59.076
XDA.XsDeviceId,1790006405.943507,5436,-0.203,-0.962,-51.760
XDA.XsDeviceId,1790006405.959302,5437,-0.750,-0.326,-59.071
XDA.XsDeviceId,1790006405.959305,5437,-0.205,-0.963,-51.760
XDA.XsDeviceId,1790006405.975462,5438,-0.748,-0.324,-59.067
XDA.XsDeviceId,1790006405.975465,5438,-0.203,-0.961,-51.760
XDA.XsDeviceId,1790006405.991258,5439,-0.749,-0.325,-59.064
XDA.XsDeviceId,1790006405.991265,5439,-0.202,-0.961,-51.761
XDA.XsDeviceId,1790006406.007131,5440,-0.748,-0.323,-59.060
XDA.XsDeviceId,1790006406.007135,5440,-0.202,-0.961,-51.761
XDA.XsDeviceId,1790006406.022943,5441,-0.747,-0.321,-59.056
XDA.XsDeviceId,1790006406.022998,5441,-0.201,-0.961,-51.761
XDA.XsDeviceId,1790006406.038996,5442,-0.750,-0.322,-59.054
XDA.XsDeviceId,1790006406.060391,5442,-0.203,-0.961,-51.761
XDA.XsDeviceId,1790006406.063956,5443,-0.747,-0.321,-59.050
XDA.XsDeviceId,1790006406.063960,5443,-0.201,-0.964,-51.760
XDA.XsDeviceId,1790006406.080125,5444,-0.749,-0.321,-59.046
XDA.XsDeviceId,1790006406.080128,5444,-0.202,-0.963,-51.761
XDA.XsDeviceId,1790006406.096390,5445,-0.751,-0.320,-59.043
XDA.XsDeviceId,1790006406.096398,5445,-0.201,-0.964,-51.760
XDA.XsDeviceId,1790006406.112339,5446,-0.751,-0.320,-59.039
XDA.XsDeviceId,1790006406.112346,5446,-0.200,-0.961,-51.760
XDA.XsDeviceId,1790006406.128110,5447,-0.752,-0.321,-59.038
XDA.XsDeviceId,1790006406.128113,5447,-0.200,-0.962,-51.760
XDA.XsDeviceId,1790006406.143852,5448,-0.751,-0.320,-59.034
XDA.XsDeviceId,1790006406.143858,5448,-0.200,-0.961,-51.761
XDA.XsDeviceId,1790006406.159929,5449,-0.751,-0.320,-59.029
XDA.XsDeviceId,1790006406.159934,5449,-0.200,-0.961,-51.760
XDA.XsDeviceId,1790006406.176161,5450,-0.752,-0.320,-59.026
XDA.XsDeviceId,1790006406.176167,5450,-0.201,-0.961,-51.761
XDA.XsDeviceId,1790006406.192286,5451,-0.750,-0.319,-59.023
XDA.XsDeviceId,1790006406.192402,5451,-0.198,-0.961,-51.759
XDA.XsDeviceId,1790006406.208456,5452,-0.751,-0.320,-59.018
XDA.XsDeviceId,1790006406.208521,5452,-0.199,-0.960,-51.761
XDA.XsDeviceId,1790006406.224513,5453,-0.752,-0.321,-59.017
XDA.XsDeviceId,1790006406.224518,5453,-0.197,-0.961,-51.760
XDA.XsDeviceId,1790006406.240673,5454,-0.752,-0.320,-59.012
XDA.XsDeviceId,1790006406.240678,5454,-0.197,-0.961,-51.759
XDA.XsDeviceId,1790006406.256516,5455,-0.751,-0.320,-59.009
XDA.XsDeviceId,1790006406.256522,5455,-0.197,-0.962,-51.761
XDA.XsDeviceId,1790006406.272582,5456,-0.752,-0.319,-59.006
XDA.XsDeviceId,1790006406.272589,5456,-0.198,-0.962,-51.762
XDA.XsDeviceId,1790006406.288433,5457,-0.751,-0.318,-59.003
XDA.XsDeviceId,1790006406.304681,5457,-0.197,-0.963,-51.762
XDA.XsDeviceId,1790006406.320418,5458,-0.751,-0.318,-58.998
XDA.XsDeviceId,1790006406.320424,5458,-0.198,-0.963,-51.763
XDA.XsDeviceId,1790006406.336357,5459,-0.753,-0.318,-58.994
XDA.XsDeviceId,1790006406.336362,5459,-0.199,-0.963,-51.762
XDA.XsDeviceId,1790006406.352146,5460,-0.753,-0.320,-58.992
XDA.XsDeviceId,1790006406.352150,5460,-0.197,-0.962,-51.763
XDA.XsDeviceId,1790006406.367903,5461,-0.754,-0.318,-58.990
XDA.XsDeviceId,1790006406.367909,5461,-0.199,-0.961,-51.761
XDA.XsDeviceId,1790006406.383779,5462,-0.752,-0.319,-58.988
XDA.XsDeviceId,1790006406.383782,5462,-0.197,-0.961,-51.761
XDA.XsDeviceId,1790006406.399826,5463,-0.753,-0.319,-58.985
XDA.XsDeviceId,1790006406.399831,5463,-0.196,-0.961,-51.762
XDA.XsDeviceId,1790006406.415833,5464,-0.753,-0.318,-58.981
XDA.XsDeviceId,1790006406.415838,5464,-0.197,-0.961,-51.762
XDA.XsDeviceId,1790006406.431701,5465,-0.753,-0.317,-58.980
XDA.XsDeviceId,1790006406.431709,5465,-0.198,-0.961,-51.763
XDA.XsDeviceId,1790006406.447818,5466,-0.752,-0.317,-58.976
XDA.XsDeviceId,1790006406.447824,5466,-0.199,-0.961,-51.763
XDA.XsDeviceId,1790006406.463630,5467,-0.754,-0.317,-58.972
XDA.XsDeviceId,1790006406.463633,5467,-0.199,-0.963,-51.762
XDA.XsDeviceId,1790006406.479396,5468,-0.754,-0.315,-58.971
XDA.XsDeviceId,1790006406.479401,5468,-0.199,-0.961,-51.761
XDA.XsDeviceId,1790006406.495552,5469,-0.752,-0.316,-58.969
XDA.XsDeviceId,1790006406.495567,5469,-0.197,-0.962,-51.762
XDA.XsDeviceId,1790006406.511846,5470,-0.753,-0.316,-58.966
XDA.XsDeviceId,1790006406.511853,5470,-0.197,-0.963,-51.761
XDA.XsDeviceId,1790006406.527942,5471,-0.755,-0.316,-58.962
XDA.XsDeviceId,1790006406.527947,5471,-0.197,-0.962,-51.761
XDA.XsDeviceId,1790006406.544072,5472,-0.755,-0.316,-58.958
XDA.XsDeviceId,1790006406.544077,5472,-0.196,-0.963,-51.762
XDA.XsDeviceId,1790006406.560172,5473,-0.755,-0.317,-58.955
XDA.XsDeviceId,1790006406.560179,5473,-0.197,-0.962,-51.761
XDA.XsDeviceId,1790006406.576265,5474,-0.756,-0.316,-58.951
XDA.XsDeviceId,1790006406.576273,5474,-0.196,-0.963,-51.761
XDA.XsDeviceId,1790006406.592210,5475,-0.754,-0.315,-58.948
XDA.XsDeviceId,1790006406.592215,5475,-0.194,-0.962,-51.761
XDA.XsDeviceId,1790006406.608325,5476,-0.756,-0.314,-58.946
XDA.XsDeviceId,1790006406.608333,5476,-0.194,-0.962,-51.762
XDA.XsDeviceId,1790006406.624495,5477,-0.754,-0.315,-58.942
XDA.XsDeviceId,1790006406.624508,5477,-0.196,-0.961,-51.760
XDA.XsDeviceId,1790006406.640654,5478,-0.755,-0.313,-58.939
XDA.XsDeviceId,1790006406.640660,5478,-0.193,-0.963,-51.759
XDA.XsDeviceId,1790006406.656286,5479,-0.755,-0.314,-58.935
XDA.XsDeviceId,1790006406.656290,5479,-0.193,-0.961,-51.761
XDA.XsDeviceId,1790006406.672326,5480,-0.756,-0.314,-58.932
XDA.XsDeviceId,1790006406.688509,5480,-0.194,-0.962,-51.762
XDA.XsDeviceId,1790006406.704212,5481,-0.756,-0.315,-58.929
XDA.XsDeviceId,1790006406.704217,5481,-0.193,-0.963,-51.761
XDA.XsDeviceId,1790006406.720219,5482,-0.756,-0.313,-58.927
XDA.XsDeviceId,1790006406.720226,5482,-0.194,-0.963,-51.760
XDA.XsDeviceId,1790006406.736291,5483,-0.756,-0.312,-58.925
XDA.XsDeviceId,1790006406.736296,5483,-0.192,-0.962,-51.761
XDA.XsDeviceId,1790006406.752207,5484,-0.756,-0.312,-58.921
XDA.XsDeviceId,1790006406.752213,5484,-0.194,-0.962,-51.761
XDA.XsDeviceId,1790006406.768260,5485,-0.756,-0.310,-58.919
XDA.XsDeviceId,1790006406.768265,5485,-0.194,-0.961,-51.760
XDA.XsDeviceId,1790006406.784029,5486,-0.757,-0.306,-58.916
XDA.XsDeviceId,1790006406.784031,5486,-0.193,-0.962,-51.759
XDA.XsDeviceId,1790006406.800290,5487,-0.756,-0.308,-58.912
XDA.XsDeviceId,1790006406.800294,5487,-0.193,-0.963,-51.759
XDA.XsDeviceId,1790006406.816182,5488,-0.758,-0.308,-58.911
XDA.XsDeviceId,1790006406.816186,5488,-0.224,-0.953,-51.796
XDA.XsDeviceId,1790006406.831907,5489,-0.757,-0.307,-58.908
XDA.XsDeviceId,1790006406.831912,5489,-0.225,-0.954,-51.796
XDA.XsDeviceId,1790006406.848035,5490,-0.757,-0.306,-58.905
XDA.XsDeviceId,1790006406.848042,5490,-0.225,-0.954,-51.797
XDA.XsDeviceId,1790006406.863755,5491,-0.757,-0.307,-58.900
XDA.XsDeviceId,1790006406.863760,5491,-0.225,-0.954,-51.799
XDA.XsDeviceId,1790006406.879934,5492,-0.757,-0.307,-58.897
XDA.XsDeviceId,1790006406.879942,5492,-0.226,-0.953,-51.798
XDA.XsDeviceId,1790006406.895990,5493,-0.758,-0.306,-58.895
XDA.XsDeviceId,1790006406.895996,5493,-0.227,-0.953,-51.797
XDA.XsDeviceId,1790006406.911772,5494,-0.756,-0.306,-58.892
XDA.XsDeviceId,1790006406.911782,5494,-0.225,-0.951,-51.799
XDA.XsDeviceId,1790006406.927832,5495,-0.758,-0.306,-58.891
XDA.XsDeviceId,1790006406.927839,5495,-0.224,-0.952,-51.800
XDA.XsDeviceId,1790006406.943849,5496,-0.757,-0.306,-58.889
XDA.XsDeviceId,1790006406.943856,5496,-0.226,-0.951,-51.800
XDA.XsDeviceId,1790006406.959835,5497,-0.756,-0.306,-58.886
XDA.XsDeviceId,1790006406.959841,5497,-0.225,-0.952,-51.801
XDA.XsDeviceId,1790006406.976074,5498,-0.756,-0.307,-58.883
XDA.XsDeviceId,1790006406.976082,5498,-0.225,-0.952,-51.802
XDA.XsDeviceId,1790006406.991872,5499,-0.757,-0.306,-58.880
XDA.XsDeviceId,1790006406.991878,5499,-0.224,-0.952,-51.802
XDA.XsDeviceId,1790006407.007833,5500,-0.757,-0.305,-58.877
XDA.XsDeviceId,1790006407.007836,5500,-0.227,-0.952,-51.802
XDA.XsDeviceId,1790006407.023996,5501,-0.756,-0.305,-58.874
XDA.XsDeviceId,1790006407.024004,5501,-0.224,-0.952,-51.802
XDA.XsDeviceId,1790006407.040200,5502,-0.756,-0.305,-58.868
XDA.XsDeviceId,1790006407.040212,5502,-0.225,-0.950,-51.800
XDA.XsDeviceId,1790006407.055332,5503,-0.758,-0.307,-58.866
XDA.XsDeviceId,1790006407.055338,5503,-0.226,-0.951,-51.800
XDA.XsDeviceId,1790006407.081630,5504,-0.757,-0.306,-58.865
XDA.XsDeviceId,1790006407.081637,5504,-0.227,-0.953,-51.799
XDA.XsDeviceId,1790006407.096965,5505,-0.758,-0.307,-58.861
XDA.XsDeviceId,1790006407.096972,5505,-0.226,-0.952,-51.800
XDA.XsDeviceId,1790006407.112983,5506,-0.758,-0.307,-58.857
XDA.XsDeviceId,1790006407.112989,5506,-0.225,-0.952,-51.800
XDA.XsDeviceId,1790006407.129189,5507,-0.757,-0.309,-58.853
XDA.XsDeviceId,1790006407.129195,5507,-0.225,-0.952,-51.800
XDA.XsDeviceId,1790006407.145161,5508,-0.758,-0.307,-58.852
XDA.XsDeviceId,1790006407.145167,5508,-0.226,-0.952,-51.800
XDA.XsDeviceId,1790006407.161028,5509,-0.757,-0.309,-58.847
XDA.XsDeviceId,1790006407.161033,5509,-0.223,-0.953,-51.800
XDA.XsDeviceId,1790006407.177204,5510,-0.757,-0.307,-58.844
XDA.XsDeviceId,1790006407.177207,5510,-0.224,-0.953,-51.801
XDA.XsDeviceId,1790006407.193240,5511,-0.757,-0.307,-58.841
XDA.XsDeviceId,1790006407.193244,5511,-0.224,-0.953,-51.801
XDA.XsDeviceId,1790006407.209265,5512,-0.758,-0.307,-58.838
XDA.XsDeviceId,1790006407.209287,5512,-0.223,-0.953,-51.800
XDA.XsDeviceId,1790006407.225337,5513,-0.758,-0.307,-58.835
XDA.XsDeviceId,1790006407.225343,5513,-0.224,-0.952,-51.800
XDA.XsDeviceId,1790006407.241493,5514,-0.758,-0.306,-58.833
XDA.XsDeviceId,1790006407.241496,5514,-0.223,-0.953,-51.800
XDA.XsDeviceId,1790006407.257216,5515,-0.759,-0.308,-58.831
XDA.XsDeviceId,1790006407.257222,5515,-0.222,-0.953,-51.800
XDA.XsDeviceId,1790006407.273059,5516,-0.760,-0.307,-58.828
XDA.XsDeviceId,1790006407.273062,5516,-0.222,-0.954,-51.799
XDA.XsDeviceId,1790006407.289275,5517,-0.760,-0.306,-58.826
XDA.XsDeviceId,1790006407.289281,5517,-0.222,-0.955,-51.800
XDA.XsDeviceId,1790006407.321231,5518,-0.761,-0.305,-58.823
XDA.XsDeviceId,1790006407.321233,5518,-0.223,-0.954,-51.799
XDA.XsDeviceId,1790006407.337047,5519,-0.761,-0.305,-58.820
XDA.XsDeviceId,1790006407.337115,5519,-0.224,-0.954,-51.800
XDA.XsDeviceId,1790006407.352673,5520,-0.761,-0.307,-58.818
XDA.XsDeviceId,1790006407.352677,5520,-0.224,-0.954,-51.799
XDA.XsDeviceId,1790006407.368821,5521,-0.761,-0.307,-58.815
XDA.XsDeviceId,1790006407.368828,5521,-0.224,-0.954,-51.799
XDA.XsDeviceId,1790006407.384740,5522,-0.761,-0.308,-58.811
XDA.XsDeviceId,1790006407.384747,5522,-0.225,-0.955,-51.798
XDA.XsDeviceId,1790006407.400798,5523,-0.760,-0.309,-58.809
XDA.XsDeviceId,1790006407.400806,5523,-0.227,-0.957,-51.798
XDA.XsDeviceId,1790006407.416615,5524,-0.761,-0.310,-58.807
XDA.XsDeviceId,1790006407.416621,5524,-0.225,-0.955,-51.800
XDA.XsDeviceId,1790006407.432600,5525,-0.762,-0.308,-58.804
XDA.XsDeviceId,1790006407.432606,5525,-0.225,-0.954,-51.799
XDA.XsDeviceId,1790006407.448786,5526,-0.762,-0.308,-58.804
XDA.XsDeviceId,1790006407.448791,5526,-0.226,-0.954,-51.801
XDA.XsDeviceId,1790006407.464660,5527,-0.762,-0.309,-58.802
XDA.XsDeviceId,1790006407.464666,5527,-0.226,-0.953,-51.799
XDA.XsDeviceId,1790006407.480853,5528,-0.764,-0.309,-58.799
XDA.XsDeviceId,1790006407.480858,5528,-0.226,-0.953,-51.800
XDA.XsDeviceId,1790006407.496670,5529,-0.764,-0.309,-58.797
XDA.XsDeviceId,1790006407.496673,5529,-0.227,-0.952,-51.800
XDA.XsDeviceId,1790006407.512545,5530,-0.764,-0.310,-58.795
XDA.XsDeviceId,1790006407.512551,5530,-0.227,-0.952,-51.801
XDA.XsDeviceId,1790006407.528646,5531,-0.764,-0.310,-58.793
XDA.XsDeviceId,1790006407.528666,5531,-0.228,-0.950,-51.800
XDA.XsDeviceId,1790006407.544654,5532,-0.765,-0.309,-58.792
XDA.XsDeviceId,1790006407.544659,5532,-0.228,-0.952,-51.799
XDA.XsDeviceId,1790006407.560790,5533,-0.765,-0.311,-58.788
XDA.XsDeviceId,1790006407.560795,5533,-0.229,-0.949,-51.800
XDA.XsDeviceId,1790006407.576557,5534,-0.766,-0.310,-58.786
XDA.XsDeviceId,1790006407.576563,5534,-0.230,-0.950,-51.801
XDA.XsDeviceId,1790006407.592589,5535,-0.765,-0.311,-58.783
XDA.XsDeviceId,1790006407.592607,5535,-0.229,-0.950,-51.800
XDA.XsDeviceId,1790006407.608813,5536,-0.766,-0.311,-58.780
XDA.XsDeviceId,1790006407.608820,5536,-0.229,-0.949,-51.800
XDA.XsDeviceId,1790006407.624810,5537,-0.767,-0.311,-58.779
XDA.XsDeviceId,1790006407.624837,5537,-0.230,-0.948,-51.799
XDA.XsDeviceId,1790006407.640831,5538,-0.768,-0.311,-58.775
XDA.XsDeviceId,1790006407.640837,5538,-0.231,-0.948,-51.801
XDA.XsDeviceId,1790006407.656918,5539,-0.769,-0.311,-58.773
XDA.XsDeviceId,1790006407.656925,5539,-0.230,-0.948,-51.800
XDA.XsDeviceId,1790006407.672831,5540,-0.770,-0.312,-58.771
XDA.XsDeviceId,1790006407.672837,5540,-0.230,-0.949,-51.800
XDA.XsDeviceId,1790006407.704676,5541,-0.770,-0.311,-58.769
XDA.XsDeviceId,1790006407.704682,5541,-0.229,-0.948,-51.797
XDA.XsDeviceId,1790006407.720740,5542,-0.769,-0.311,-58.768
XDA.XsDeviceId,1790006407.720748,5542,-0.217,-0.855,-52.154
XDA.XsDeviceId,1790006407.736546,5543,-0.770,-0.310,-58.767
XDA.XsDeviceId,1790006407.736549,5543,-0.052,-0.391,-54.616
XDA.XsDeviceId,1790006407.752337,5544,-0.770,-0.310,-58.764
XDA.XsDeviceId,1790006407.752355,5544,1.770,-0.314,-54.600
XDA.XsDeviceId,1790006407.768459,5545,-0.770,-0.308,-58.760
XDA.XsDeviceId,1790006407.768464,5545,3.431,-0.569,-53.397
XDA.XsDeviceId,1790006407.784623,5546,-0.769,-0.310,-58.759
XDA.XsDeviceId,1790006407.784630,5546,3.295,0.000,-53.763
XDA.XsDeviceId,1790006407.800382,5547,-0.770,-0.310,-58.756
XDA.XsDeviceId,1790006407.800388,5547,2.686,0.526,-54.014
XDA.XsDeviceId,1790006407.816080,5548,-0.771,-0.309,-58.755
XDA.XsDeviceId,1790006407.816083,5548,1.934,0.723,-54.418
XDA.XsDeviceId,1790006407.832011,5549,-0.770,-0.306,-58.752
XDA.XsDeviceId,1790006407.832018,5549,0.842,0.388,-55.234
XDA.XsDeviceId,1790006407.848054,5550,-0.771,-0.308,-58.749
XDA.XsDeviceId,1790006407.848062,5550,-0.679,-0.165,-56.102
XDA.XsDeviceId,1790006407.864087,5551,-0.770,-0.307,-58.746
XDA.XsDeviceId,1790006407.864093,5551,-2.682,-0.837,-56.611
XDA.XsDeviceId,1790006407.879915,5552,-0.771,-0.309,-58.744
XDA.XsDeviceId,1790006407.879921,5552,-5.137,-1.544,-56.649
XDA.XsDeviceId,1790006407.895786,5553,-0.772,-0.308,-58.741
XDA.XsDeviceId,1790006407.895804,5553,-7.862,-2.383,-56.568
XDA.XsDeviceId,1790006407.912068,5554,-0.772,-0.308,-58.740
XDA.XsDeviceId,1790006407.912075,5554,-10.675,-3.330,-56.502
XDA.XsDeviceId,1790006407.927896,5555,-0.771,-0.309,-58.738
XDA.XsDeviceId,1790006407.927901,5555,-13.392,-4.328,-56.565
XDA.XsDeviceId,1790006407.943649,5556,-0.772,-0.309,-58.736
XDA.XsDeviceId,1790006407.943655,5556,-15.920,-5.500,-56.874
XDA.XsDeviceId,1790006407.959812,5557,-0.772,-0.310,-58.733
XDA.XsDeviceId,1790006407.959818,5557,-18.287,-6.720,-57.347
XDA.XsDeviceId,1790006407.975656,5558,-0.771,-0.311,-58.730
XDA.XsDeviceId,1790006407.975661,5558,-20.536,-7.901,-57.979
XDA.XsDeviceId,1790006407.991687,5559,-0.773,-0.310,-58.728
XDA.XsDeviceId,1790006407.991693,5559,-22.677,-9.337,-58.817
XDA.XsDeviceId,1790006408.007807,5560,-0.772,-0.310,-58.726
XDA.XsDeviceId,1790006408.007814,5560,-24.779,-10.719,-59.358
XDA.XsDeviceId,1790006408.023976,5561,-0.772,-0.310,-58.724
XDA.XsDeviceId,1790006408.023983,5561,-26.924,-11.771,-59.625
XDA.XsDeviceId,1790006408.040200,5562,-0.772,-0.311,-58.721
XDA.XsDeviceId,1790006408.040207,5562,-29.186,-12.354,-59.605
XDA.XsDeviceId,1790006408.055990,5563,-0.773,-0.310,-58.720
XDA.XsDeviceId,1790006408.055995,5563,-31.548,-12.644,-59.408
XDA.XsDeviceId,1790006408.071773,5564,-0.773,-0.310,-58.718
XDA.XsDeviceId,1790006408.087768,5564,-33.853,-12.864,-59.064
XDA.XsDeviceId,1790006408.102822,5565,-0.772,-0.311,-58.716
XDA.XsDeviceId,1790006408.102829,5565,-35.914,-13.425,-58.556
XDA.XsDeviceId,1790006408.130610,5566,-0.773,-0.310,-58.712
XDA.XsDeviceId,1790006408.130616,5566,-37.528,-14.590,-57.874
XDA.XsDeviceId,1790006408.146529,5567,-0.772,-0.310,-58.712
XDA.XsDeviceId,1790006408.146532,5567,-38.616,-16.198,-56.911
XDA.XsDeviceId,1790006408.162240,5568,-0.771,-0.309,-58.710
XDA.XsDeviceId,1790006408.162243,5568,-39.243,-17.808,-55.878
XDA.XsDeviceId,1790006408.178205,5569,-0.771,-0.309,-58.708
XDA.XsDeviceId,1790006408.178211,5569,-39.492,-18.888,-54.839
XDA.XsDeviceId,1790006408.194273,5570,-0.772,-0.308,-58.704
XDA.XsDeviceId,1790006408.194276,5570,-39.396,-19.323,-53.985
XDA.XsDeviceId,1790006408.210221,5571,-0.771,-0.310,-58.702
XDA.XsDeviceId,1790006408.210229,5571,-39.002,-19.244,-53.472
XDA.XsDeviceId,1790006408.226184,5572,-0.772,-0.309,-58.700
XDA.XsDeviceId,1790006408.226205,5572,-38.357,-18.914,-53.190
XDA.XsDeviceId,1790006408.242089,5573,-0.773,-0.311,-58.696
XDA.XsDeviceId,1790006408.242094,5573,-37.420,-18.655,-53.137
XDA.XsDeviceId,1790006408.258070,5574,-0.772,-0.311,-58.696
XDA.XsDeviceId,1790006408.258079,5574,-36.157,-18.561,-53.340
XDA.XsDeviceId,1790006408.273911,5575,-0.772,-0.311,-58.695
XDA.XsDeviceId,1790006408.273916,5575,-34.533,-18.591,-53.694
XDA.XsDeviceId,1790006408.289965,5576,-0.774,-0.311,-58.693
XDA.XsDeviceId,1790006408.289973,5576,-32.738,-18.385,-54.085
XDA.XsDeviceId,1790006408.305965,5577,-0.775,-0.311,-58.690
XDA.XsDeviceId,1790006408.305971,5577,-30.879,-17.773,-54.514
XDA.XsDeviceId,1790006408.321677,5578,-0.775,-0.311,-58.688
XDA.XsDeviceId,1790006408.321684,5578,-28.927,-17.105,-54.972
XDA.XsDeviceId,1790006408.337520,5579,-0.775,-0.310,-58.686
XDA.XsDeviceId,1790006408.337525,5579,-26.905,-16.823,-55.670
XDA.XsDeviceId,1790006408.353539,5580,-0.776,-0.311,-58.685
XDA.XsDeviceId,1790006408.353543,5580,-24.865,-16.801,-56.474
XDA.XsDeviceId,1790006408.369354,5581,-0.775,-0.311,-58.681
XDA.XsDeviceId,1790006408.369361,5581,-22.818,-16.764,-57.012
XDA.XsDeviceId,1790006408.385319,5582,-0.775,-0.312,-58.680
XDA.XsDeviceId,1790006408.385326,5582,-20.847,-16.475,-57.016
XDA.XsDeviceId,1790006408.401211,5583,-0.775,-0.312,-58.679
XDA.XsDeviceId,1790006408.401216,5583,-19.009,-16.465,-56.691
XDA.XsDeviceId,1790006408.417093,5584,-0.776,-0.311,-58.676
XDA.XsDeviceId,1790006408.417098,5584,-17.201,-17.107,-56.289
XDA.XsDeviceId,1790006408.433061,5585,-0.776,-0.311,-58.674
XDA.XsDeviceId,1790006408.433066,5585,-15.411,-18.049,-55.847
XDA.XsDeviceId,1790006408.448839,5586,-0.777,-0.311,-58.673
XDA.XsDeviceId,1790006408.449078,5586,-13.574,-18.857,-55.582
XDA.XsDeviceId,1790006408.464838,5587,-0.778,-0.312,-58.672
XDA.XsDeviceId,1790006408.464845,5587,-11.500,-19.457,-55.860
XDA.XsDeviceId,1790006408.480714,5588,-0.778,-0.310,-58.670
XDA.XsDeviceId,1790006408.480721,5588,-9.242,-19.786,-56.556
XDA.XsDeviceId,1790006408.496580,5589,-0.779,-0.310,-58.666
XDA.XsDeviceId,1790006408.496586,5589,-7.041,-19.736,-57.393
XDA.XsDeviceId,1790006408.512417,5590,-0.779,-0.311,-58.665
XDA.XsDeviceId,1790006408.512424,5590,-5.134,-18.957,-58.056
XDA.XsDeviceId,1790006408.528422,5591,-0.778,-0.311,-58.663
XDA.XsDeviceId,1790006408.528429,5591,-3.669,-17.326,-58.275
XDA.XsDeviceId,1790006408.544288,5592,-0.778,-0.311,-58.661
XDA.XsDeviceId,1790006408.544294,5592,-2.489,-15.273,-58.285
XDA.XsDeviceId,1790006408.560519,5593,-0.778,-0.310,-58.660
XDA.XsDeviceId,1790006408.560524,5593,-1.419,-13.260,-58.224
XDA.XsDeviceId,1790006408.576487,5594,-0.778,-0.309,-58.657
XDA.XsDeviceId,1790006408.576494,5594,-0.398,-11.667,-58.271
XDA.XsDeviceId,1790006408.592531,5595,-0.778,-0.310,-58.656
XDA.XsDeviceId,1790006408.592537,5595,0.734,-10.997,-58.854
XDA.XsDeviceId,1790006408.608432,5596,-0.780,-0.309,-58.653
XDA.XsDeviceId,1790006408.608438,5596,1.744,-10.597,-59.434
XDA.XsDeviceId,1790006408.624708,5597,-0.778,-0.310,-58.653
XDA.XsDeviceId,1790006408.624715,5597,2.460,-10.098,-59.805
XDA.XsDeviceId,1790006408.640635,5598,-0.780,-0.308,-58.651
XDA.XsDeviceId,1790006408.640642,5598,2.969,-9.527,-59.993
XDA.XsDeviceId,1790006408.656420,5599,-0.781,-0.308,-58.650
XDA.XsDeviceId,1790006408.656425,5599,3.320,-8.628,-59.905
XDA.XsDeviceId,1790006408.672264,5600,-0.780,-0.308,-58.648
XDA.XsDeviceId,1790006408.688174,5600,3.593,-7.283,-59.406
XDA.XsDeviceId,1790006408.705200,5601,-0.780,-0.309,-58.646
XDA.XsDeviceId,1790006408.705206,5601,3.834,-5.831,-59.048
XDA.XsDeviceId,1790006408.721054,5602,-0.780,-0.308,-58.644
XDA.XsDeviceId,1790006408.721059,5602,4.042,-4.536,-58.804
XDA.XsDeviceId,1790006408.736983,5603,-0.781,-0.308,-58.642
XDA.XsDeviceId,1790006408.736991,5603,4.200,-3.287,-58.387
XDA.XsDeviceId,1790006408.753159,5604,-0.779,-0.310,-58.641
XDA.XsDeviceId,1790006408.753165,5604,4.313,-2.240,-57.908
XDA.XsDeviceId,1790006408.769212,5605,-0.780,-0.309,-58.639
XDA.XsDeviceId,1790006408.769219,5605,4.416,-1.466,-57.538
XDA.XsDeviceId,1790006408.785030,5606,-0.780,-0.310,-58.638
XDA.XsDeviceId,1790006408.785038,5606,4.530,-0.760,-57.324
XDA.XsDeviceId,1790006408.801029,5607,-0.780,-0.311,-58.636
XDA.XsDeviceId,1790006408.801037,5607,4.328,-0.237,-57.195
XDA.XsDeviceId,1790006408.816832,5608,-0.769,-0.314,-58.633
XDA.XsDeviceId,1790006408.816870,5608,2.059,-0.334,-56.973
XDA.XsDeviceId,1790006408.832822,5609,-0.770,-0.313,-58.632
XDA.XsDeviceId,1790006408.832828,5609,1.556,-0.091,-56.694
XDA.XsDeviceId,1790006408.848709,5610,-0.770,-0.315,-58.628
XDA.XsDeviceId,1790006408.848716,5610,1.256,-0.036,-56.575
XDA.XsDeviceId,1790006408.864962,5611,-0.771,-0.314,-58.625
XDA.XsDeviceId,1790006408.864969,5611,0.995,0.069,-56.522
XDA.XsDeviceId,1790006408.880826,5612,-0.772,-0.314,-58.621
XDA.XsDeviceId,1790006408.880832,5612,0.221,0.037,-56.067
XDA.XsDeviceId,1790006408.897082,5613,-0.773,-0.313,-58.620
XDA.XsDeviceId,1790006408.897089,5613,-0.056,-0.622,-55.518
XDA.XsDeviceId,1790006408.913083,5614,-0.773,-0.313,-58.617
XDA.XsDeviceId,1790006408.913089,5614,-0.138,-0.951,-54.898
XDA.XsDeviceId,1790006408.929049,5615,-0.773,-0.314,-58.616
XDA.XsDeviceId,1790006408.929056,5615,-0.140,-0.968,-54.274
XDA.XsDeviceId,1790006408.945062,5616,-0.774,-0.313,-58.614
XDA.XsDeviceId,1790006408.945068,5616,-0.135,-0.975,-54.239
XDA.XsDeviceId,1790006408.961032,5617,-0.774,-0.313,-58.613
XDA.XsDeviceId,1790006408.961039,5617,-0.135,-0.974,-54.245
XDA.XsDeviceId,1790006408.976946,5618,-0.773,-0.313,-58.611
XDA.XsDeviceId,1790006408.976954,5618,-0.134,-0.974,-54.246
XDA.XsDeviceId,1790006408.993059,5619,-0.772,-0.313,-58.610
XDA.XsDeviceId,1790006408.993067,5619,-0.133,-0.973,-54.247
XDA.XsDeviceId,1790006409.008880,5620,-0.774,-0.314,-58.607
XDA.XsDeviceId,1790006409.008887,5620,-0.134,-0.973,-54.248
XDA.XsDeviceId,1790006409.024876,5621,-0.772,-0.315,-58.605
XDA.XsDeviceId,1790006409.024882,5621,-0.134,-0.973,-54.250
XDA.XsDeviceId,1790006409.040889,5622,-0.774,-0.315,-58.604
XDA.XsDeviceId,1790006409.040897,5622,-0.135,-0.971,-54.249
XDA.XsDeviceId,1790006409.057072,5623,-0.773,-0.316,-58.600
XDA.XsDeviceId,1790006409.057078,5623,-0.135,-0.973,-54.249
XDA.XsDeviceId,1790006409.072902,5624,-0.773,-0.316,-58.600
XDA.XsDeviceId,1790006409.072908,5624,-0.132,-0.974,-54.250
XDA.XsDeviceId,1790006409.104699,5625,-0.772,-0.314,-58.599
XDA.XsDeviceId,1790006409.104705,5625,-0.132,-0.973,-54.251
XDA.XsDeviceId,1790006409.120196,5626,-0.772,-0.313,-58.597
XDA.XsDeviceId,1790006409.120213,5626,-0.131,-0.973,-54.250
XDA.XsDeviceId,1790006409.136209,5627,-0.770,-0.313,-58.595
XDA.XsDeviceId,1790006409.136214,5627,-0.131,-0.973,-54.251
XDA.XsDeviceId,1790006409.148240,5628,-0.771,-0.313,-58.593
XDA.XsDeviceId,1790006409.148246,5628,-0.130,-0.973,-54.250
XDA.XsDeviceId,1790006409.163986,5629,-0.772,-0.314,-58.593
XDA.XsDeviceId,1790006409.163992,5629,-0.130,-0.974,-54.247
XDA.XsDeviceId,1790006409.179627,5630,-0.773,-0.314,-58.589
XDA.XsDeviceId,1790006409.179633,5630,-0.128,-0.972,-54.248
XDA.XsDeviceId,1790006409.195655,5631,-0.772,-0.314,-58.588
XDA.XsDeviceId,1790006409.195661,5631,-0.127,-0.973,-54.249
XDA.XsDeviceId,1790006409.211466,5632,-0.772,-0.313,-58.585
XDA.XsDeviceId,1790006409.211471,5632,-0.127,-0.972,-54.248
XDA.XsDeviceId,1790006409.227645,5633,-0.772,-0.313,-58.584
XDA.XsDeviceId,1790006409.227651,5633,-0.127,-0.972,-54.247
XDA.XsDeviceId,1790006409.243762,5634,-0.772,-0.315,-58.582
XDA.XsDeviceId,1790006409.243778,5634,-0.127,-0.971,-54.247
XDA.XsDeviceId,1790006409.259753,5635,-0.775,-0.321,-58.566
XDA.XsDeviceId,1790006409.259759,5635,-0.128,-0.971,-54.245
XDA.XsDeviceId,1790006409.275918,5636,-0.868,-0.318,-57.808
XDA.XsDeviceId,1790006409.275926,5636,-0.127,-0.973,-54.245
XDA.XsDeviceId,1790006409.292108,5637,-0.826,-0.284,-56.001
XDA.XsDeviceId,1790006409.292163,5637,-0.127,-0.972,-54.246
XDA.XsDeviceId,1790006409.308203,5638,-0.846,-0.125,-53.548
XDA.XsDeviceId,1790006409.308209,5638,-0.128,-0.972,-54.246
XDA.XsDeviceId,1790006409.323816,5639,-2.125,0.639,-54.713
XDA.XsDeviceId,1790006409.323821,5639,-0.127,-0.971,-54.244
XDA.XsDeviceId,1790006409.339868,5640,-3.388,2.552,-54.571
XDA.XsDeviceId,1790006409.339874,5640,-0.127,-0.972,-54.245
XDA.XsDeviceId,1790006409.356054,5641,-3.966,4.641,-53.932
XDA.XsDeviceId,1790006409.371722,5642,-3.716,4.938,-53.644
XDA.XsDeviceId,1790006409.371728,5641,-0.125,-0.971,-54.245
XDA.XsDeviceId,1790006409.387570,5642,-0.126,-0.971,-54.244
XDA.XsDeviceId,1790006409.403528,5643,-3.111,4.168,-53.860
XDA.XsDeviceId,1790006409.403534,5643,-0.126,-0.971,-54.244
XDA.XsDeviceId,1790006409.419475,5644,-2.778,3.116,-54.369
XDA.XsDeviceId,1790006409.419482,5644,-0.125,-0.972,-54.246
XDA.XsDeviceId,1790006409.435302,5645,-2.946,2.002,-54.897
XDA.XsDeviceId,1790006409.435309,5645,-0.125,-0.971,-54.244
XDA.XsDeviceId,1790006409.451471,5646,-3.353,0.773,-55.316
XDA.XsDeviceId,1790006409.451478,5646,-0.124,-0.972,-54.243
XDA.XsDeviceId,1790006409.467288,5647,-3.992,-0.742,-55.661
XDA.XsDeviceId,1790006409.467326,5647,-0.126,-0.971,-54.244
XDA.XsDeviceId,1790006409.483458,5648,-4.585,-2.514,-55.970
XDA.XsDeviceId,1790006409.483549,5648,-0.124,-0.971,-54.244
XDA.XsDeviceId,1790006409.499351,5649,-5.119,-4.482,-56.151
XDA.XsDeviceId,1790006409.499356,5649,-0.124,-0.971,-54.243
XDA.XsDeviceId,1790006409.515501,5650,-5.531,-6.605,-56.390
XDA.XsDeviceId,1790006409.515507,5650,-0.123,-0.970,-54.243
XDA.XsDeviceId,1790006409.531511,5651,-5.819,-8.778,-56.661
XDA.XsDeviceId,1790006409.531516,5651,-0.123,-0.971,-54.241
XDA.XsDeviceId,1790006409.547432,5652,-6.054,-10.837,-56.939
XDA.XsDeviceId,1790006409.547449,5652,-0.122,-0.970,-54.243
XDA.XsDeviceId,1790006409.563539,5653,-6.360,-12.705,-56.956
XDA.XsDeviceId,1790006409.563597,5653,-0.121,-0.972,-54.243
XDA.XsDeviceId,1790006409.579424,5654,-6.754,-14.362,-56.626
XDA.XsDeviceId,1790006409.579430,5654,-0.121,-0.971,-54.242
XDA.XsDeviceId,1790006409.595307,5655,-7.326,-15.858,-56.174
XDA.XsDeviceId,1790006409.595320,5655,-0.120,-0.971,-54.242
XDA.XsDeviceId,1790006409.611299,5656,-8.299,-17.284,-55.752
XDA.XsDeviceId,1790006409.611305,5656,-0.122,-0.972,-54.240
XDA.XsDeviceId,1790006409.627404,5657,-9.473,-18.828,-55.679
XDA.XsDeviceId,1790006409.627411,5657,-0.121,-0.971,-54.241
XDA.XsDeviceId,1790006409.643500,5658,-10.735,-20.572,-55.700
XDA.XsDeviceId,1790006409.643507,5658,-0.121,-0.971,-54.240
XDA.XsDeviceId,1790006409.659238,5659,-12.216,-22.289,-55.723
XDA.XsDeviceId,1790006409.659243,5659,-0.122,-0.969,-54.240
XDA.XsDeviceId,1790006409.675060,5660,-13.629,-23.954,-55.927
XDA.XsDeviceId,1790006409.675066,5660,-0.122,-0.971,-54.240
XDA.XsDeviceId,1790006409.691298,5661,-14.842,-25.545,-56.181
XDA.XsDeviceId,1790006409.691304,5661,-0.122,-0.971,-54.241
XDA.XsDeviceId,1790006409.707323,5662,-15.902,-27.025,-56.315
XDA.XsDeviceId,1790006409.707328,5662,-0.124,-0.971,-54.240
XDA.XsDeviceId,1790006409.723384,5663,-16.745,-28.324,-56.346
XDA.XsDeviceId,1790006409.723387,5663,-0.122,-0.972,-54.239
XDA.XsDeviceId,1790006409.739385,5664,-17.367,-29.467,-56.281
XDA.XsDeviceId,1790006409.739390,5664,-0.123,-0.972,-54.239
XDA.XsDeviceId,1790006409.755512,5665,-17.789,-30.483,-56.101
XDA.XsDeviceId,1790006409.755520,5665,-0.122,-0.973,-54.240
XDA.XsDeviceId,1790006409.787491,5666,-18.249,-31.386,-55.659
XDA.XsDeviceId,1790006409.787498,5666,-0.121,-0.971,-54.239
XDA.XsDeviceId,1790006409.803430,5667,-18.671,-32.073,-55.114
XDA.XsDeviceId,1790006409.803436,5667,-0.122,-0.972,-54.239
XDA.XsDeviceId,1790006409.819406,5668,-19.020,-32.445,-54.585
XDA.XsDeviceId,1790006409.819420,5668,-0.123,-0.972,-54.240
XDA.XsDeviceId,1790006409.835670,5669,-19.292,-32.445,-54.201
XDA.XsDeviceId,1790006409.835677,5669,-0.123,-0.974,-54.242
XDA.XsDeviceId,1790006409.851731,5670,-19.341,-32.054,-53.975
XDA.XsDeviceId,1790006409.851736,5670,-0.122,-0.975,-54.241
XDA.XsDeviceId,1790006409.868022,5671,-19.050,-31.302,-54.031
XDA.XsDeviceId,1790006409.868029,5671,-0.122,-0.974,-54.242
XDA.XsDeviceId,1790006409.883820,5672,-18.385,-30.248,-54.358
XDA.XsDeviceId,1790006409.883825,5672,-0.122,-0.974,-54.241
XDA.XsDeviceId,1790006409.899589,5673,-17.718,-28.858,-54.764
XDA.XsDeviceId,1790006409.899592,5673,-0.122,-0.976,-54.241
XDA.XsDeviceId,1790006409.915364,5674,-17.085,-27.302,-55.107
XDA.XsDeviceId,1790006409.915365,5674,-0.122,-0.975,-54.241
XDA.XsDeviceId,1790006409.931347,5675,-16.320,-25.575,-55.361
XDA.XsDeviceId,1790006409.931351,5675,-0.123,-0.976,-54.239
XDA.XsDeviceId,1790006409.947528,5676,-15.445,-23.747,-56.043
XDA.XsDeviceId,1790006409.947535,5676,-0.124,-0.975,-54.238
XDA.XsDeviceId,1790006409.963812,5677,-14.593,-21.975,-57.524
XDA.XsDeviceId,1790006409.963819,5677,-0.123,-0.973,-54.238
XDA.XsDeviceId,1790006409.979794,5678,-13.566,-20.401,-59.185
XDA.XsDeviceId,1790006409.979801,5678,-0.123,-0.974,-54.237
XDA.XsDeviceId,1790006409.995758,5679,-11.938,-19.214,-60.550
XDA.XsDeviceId,1790006409.995764,5679,-0.123,-0.973,-54.238
XDA.XsDeviceId,1790006410.012011,5680,-9.814,-18.216,-61.679
XDA.XsDeviceId,1790006410.012017,5680,-0.122,-0.972,-54.237
XDA.XsDeviceId,1790006410.027673,5681,-8.472,-16.867,-62.053
XDA.XsDeviceId,1790006410.027693,5681,-0.121,-0.974,-54.237
XDA.XsDeviceId,1790006410.043965,5682,-8.351,-15.137,-61.710
XDA.XsDeviceId,1790006410.043973,5682,-0.121,-0.972,-54.236
XDA.XsDeviceId,1790006410.060023,5683,-8.508,-13.461,-61.300
XDA.XsDeviceId,1790006410.060030,5683,-0.121,-0.972,-54.236
XDA.XsDeviceId,1790006410.076066,5684,-8.699,-11.993,-60.866
XDA.XsDeviceId,1790006410.076072,5684,-0.122,-0.973,-54.236
XDA.XsDeviceId,1790006410.092012,5685,-8.897,-10.611,-60.330
XDA.XsDeviceId,1790006410.092017,5685,-0.122,-0.973,-54.237
XDA.XsDeviceId,1790006410.108120,5686,-8.768,-9.352,-59.890
XDA.XsDeviceId,1790006410.108170,5686,-0.120,-0.972,-54.237
XDA.XsDeviceId,1790006410.123929,5687,-8.089,-8.217,-59.637
XDA.XsDeviceId,1790006410.123937,5687,-0.122,-0.972,-54.237
XDA.XsDeviceId,1790006410.139885,5688,-7.057,-7.164,-59.518
XDA.XsDeviceId,1790006410.139888,5688,-0.122,-0.973,-54.237
XDA.XsDeviceId,1790006410.155429,5689,-5.920,-6.224,-59.522
XDA.XsDeviceId,1790006410.155436,5689,-0.122,-0.974,-54.236
XDA.XsDeviceId,1790006410.181516,5690,-4.971,-5.393,-59.435
XDA.XsDeviceId,1790006410.181522,5690,-0.121,-0.974,-54.236
XDA.XsDeviceId,1790006410.196994,5691,-4.362,-4.547,-59.051
XDA.XsDeviceId,1790006410.197001,5691,-0.121,-0.976,-54.235
XDA.XsDeviceId,1790006410.212729,5692,-3.951,-3.701,-58.414
XDA.XsDeviceId,1790006410.212735,5692,-0.121,-0.976,-54.234
XDA.XsDeviceId,1790006410.228729,5693,-3.629,-3.076,-57.734
XDA.XsDeviceId,1790006410.228732,5693,-0.120,-0.974,-54.234
XDA.XsDeviceId,1790006410.244573,5694,-3.399,-2.544,-57.171
XDA.XsDeviceId,1790006410.244576,5694,-0.120,-0.973,-54.234
XDA.XsDeviceId,1790006410.260659,5695,-3.514,-1.908,-56.803
XDA.XsDeviceId,1790006410.260665,5695,-0.120,-0.973,-54.233
XDA.XsDeviceId,1790006410.276624,5696,-3.910,-1.275,-56.461
XDA.XsDeviceId,1790006410.276630,5696,-0.119,-0.972,-54.234
XDA.XsDeviceId,1790006410.292706,5697,-4.241,-0.910,-56.247
XDA.XsDeviceId,1790006410.292713,5697,-0.118,-0.972,-54.233
XDA.XsDeviceId,1790006410.308777,5698,-4.217,-0.743,-56.253
XDA.XsDeviceId,1790006410.308783,5698,-0.118,-0.972,-54.233
XDA.XsDeviceId,1790006410.324827,5699,-3.906,-0.625,-56.292
XDA.XsDeviceId,1790006410.324844,5699,-0.118,-0.971,-54.232
XDA.XsDeviceId,1790006410.340452,5700,-3.569,-0.477,-56.226
XDA.XsDeviceId,1790006410.340457,5700,-0.118,-0.971,-54.232
XDA.XsDeviceId,1790006410.356660,5701,-0.546,-0.344,-57.392
XDA.XsDeviceId,1790006410.356663,5701,-0.116,-0.974,-54.230
XDA.XsDeviceId,1790006410.372682,5702,-0.564,-0.401,-57.831
XDA.XsDeviceId,1790006410.372689,5702,-0.117,-0.974,-54.231
XDA.XsDeviceId,1790006410.388329,5703,-0.723,-0.689,-58.637
XDA.XsDeviceId,1790006410.404376,5703,-0.116,-0.973,-54.229
XDA.XsDeviceId,1790006410.420508,5704,-0.989,-1.202,-58.779
XDA.XsDeviceId,1790006410.420515,5704,-0.116,-0.971,-54.229
XDA.XsDeviceId,1790006410.436386,5705,-1.055,-1.245,-58.557
XDA.XsDeviceId,1790006410.436392,5705,-0.117,-0.971,-54.229
XDA.XsDeviceId,1790006410.452348,5706,-0.934,-0.956,-58.314
XDA.XsDeviceId,1790006410.452355,5706,-0.116,-0.971,-54.230
XDA.XsDeviceId,1790006410.468388,5707,-0.799,-0.522,-58.227
XDA.XsDeviceId,1790006410.468395,5707,-0.116,-0.971,-54.230
XDA.XsDeviceId,1790006410.484087,5708,-0.775,-0.317,-58.243
XDA.XsDeviceId,1790006410.484093,5708,-0.115,-0.969,-54.230
XDA.XsDeviceId,1790006410.500040,5709,-0.744,-0.281,-58.249
XDA.XsDeviceId,1790006410.500048,5709,-0.115,-0.971,-54.229
XDA.XsDeviceId,1790006410.515845,5710,-0.745,-0.274,-58.221
XDA.XsDeviceId,1790006410.515851,5710,-0.113,-0.973,-54.230
XDA.XsDeviceId,1790006410.532006,5711,-0.760,-0.272,-58.157
XDA.XsDeviceId,1790006410.532013,5711,-0.115,-0.971,-54.229
XDA.XsDeviceId,1790006410.547984,5712,-0.778,-0.257,-57.958
XDA.XsDeviceId,1790006410.547991,5712,-0.114,-0.973,-54.230
XDA.XsDeviceId,1790006410.563987,5713,-0.784,-0.251,-57.940
XDA.XsDeviceId,1790006410.563991,5713,-0.114,-0.973,-54.229
XDA.XsDeviceId,1790006410.579745,5714,-0.760,-0.243,-57.948
XDA.XsDeviceId,1790006410.579751,5714,-0.114,-0.973,-54.230
XDA.XsDeviceId,1790006410.595788,5715,-0.756,-0.239,-57.899
XDA.XsDeviceId,1790006410.595794,5715,-0.114,-0.973,-54.229
XDA.XsDeviceId,1790006410.611865,5716,-0.765,-0.235,-57.795
XDA.XsDeviceId,1790006410.611871,5716,-0.115,-0.973,-54.230
XDA.XsDeviceId,1790006410.627976,5717,-0.775,-0.239,-57.624
XDA.XsDeviceId,1790006410.627994,5717,-0.116,-0.974,-54.231
XDA.XsDeviceId,1790006410.644020,5718,-0.807,-0.250,-57.399
XDA.XsDeviceId,1790006410.644026,5718,-0.117,-0.975,-54.230
XDA.XsDeviceId,1790006410.659813,5719,-0.818,-0.247,-56.810
XDA.XsDeviceId,1790006410.659820,5719,-0.117,-0.975,-54.231
XDA.XsDeviceId,1790006410.675428,5720,-0.835,-0.219,-56.022
XDA.XsDeviceId,1790006410.675435,5720,-0.117,-0.974,-54.231
XDA.XsDeviceId,1790006410.691567,5721,-0.822,-0.244,-55.602
XDA.XsDeviceId,1790006410.691572,5721,-0.117,-0.974,-54.232
XDA.XsDeviceId,1790006410.707408,5722,-0.831,-0.251,-55.606
XDA.XsDeviceId,1790006410.707414,5722,-0.118,-0.974,-54.231
XDA.XsDeviceId,1790006410.723240,5723,-0.843,-0.260,-55.610
XDA.XsDeviceId,1790006410.723246,5723,-0.120,-0.973,-54.230
XDA.XsDeviceId,1790006410.739230,5724,-0.843,-0.263,-55.609
XDA.XsDeviceId,1790006410.739235,5724,-0.122,-0.973,-54.230
XDA.XsDeviceId,1790006410.755246,5725,-0.844,-0.264,-55.610
XDA.XsDeviceId,1790006410.771133,5725,-0.121,-0.971,-54.232
XDA.XsDeviceId,1790006410.786912,5726,-0.845,-0.263,-55.609
XDA.XsDeviceId,1790006410.786917,5726,-0.121,-0.972,-54.231
XDA.XsDeviceId,1790006410.802856,5727,-0.845,-0.264,-55.608
XDA.XsDeviceId,1790006410.802862,5727,-0.121,-0.973,-54.232
XDA.XsDeviceId,1790006410.818769,5728,-0.845,-0.264,-55.607
XDA.XsDeviceId,1790006410.818776,5728,-0.122,-0.973,-54.232
XDA.XsDeviceId,1790006410.834732,5729,-0.847,-0.265,-55.606
XDA.XsDeviceId,1790006410.834738,5729,-0.122,-0.974,-54.232
XDA.XsDeviceId,1790006410.850830,5730,-0.846,-0.264,-55.605
XDA.XsDeviceId,1790006410.850838,5730,-0.123,-0.975,-54.233
XDA.XsDeviceId,1790006410.867009,5731,-0.846,-0.264,-55.603
XDA.XsDeviceId,1790006410.867016,5731,-0.123,-0.975,-54.233
XDA.XsDeviceId,1790006410.882783,5732,-0.847,-0.265,-55.602
XDA.XsDeviceId,1790006410.882788,5732,-0.122,-0.975,-54.231
XDA.XsDeviceId,1790006410.898698,5733,-0.847,-0.266,-55.603
XDA.XsDeviceId,1790006410.898705,5733,-0.123,-0.976,-54.231
XDA.XsDeviceId,1790006410.914593,5734,-0.848,-0.267,-55.602
XDA.XsDeviceId,1790006410.914597,5734,-0.122,-0.977,-54.229
XDA.XsDeviceId,1790006410.930689,5735,-0.849,-0.266,-55.601
XDA.XsDeviceId,1790006410.930699,5735,-0.123,-0.976,-54.230
XDA.XsDeviceId,1790006410.946877,5736,-0.848,-0.267,-55.599
XDA.XsDeviceId,1790006410.946878,5736,-0.125,-0.977,-54.229
XDA.XsDeviceId,1790006410.962931,5737,-0.848,-0.267,-55.598
XDA.XsDeviceId,1790006410.962935,5737,-0.123,-0.975,-54.230
XDA.XsDeviceId,1790006410.979102,5738,-0.848,-0.267,-55.596
XDA.XsDeviceId,1790006410.979105,5738,-0.125,-0.977,-54.229
XDA.XsDeviceId,1790006410.995170,5739,-0.847,-0.265,-55.595
XDA.XsDeviceId,1790006410.995175,5739,-0.126,-0.976,-54.230
XDA.XsDeviceId,1790006411.011344,5740,-0.849,-0.266,-55.594
XDA.XsDeviceId,1790006411.011351,5740,-0.125,-0.977,-54.229
XDA.XsDeviceId,1790006411.027560,5741,-0.847,-0.267,-55.592
XDA.XsDeviceId,1790006411.027566,5741,-0.126,-0.976,-54.230
XDA.XsDeviceId,1790006411.043517,5742,-0.848,-0.265,-55.589
XDA.XsDeviceId,1790006411.043524,5742,-0.127,-0.977,-54.229
XDA.XsDeviceId,1790006411.059519,5743,-0.848,-0.265,-55.589
XDA.XsDeviceId,1790006411.059526,5743,-0.127,-0.976,-54.229
XDA.XsDeviceId,1790006411.075783,5744,-0.848,-0.265,-55.586
XDA.XsDeviceId,1790006411.075790,5744,-0.127,-0.976,-54.229
XDA.XsDeviceId,1790006411.091592,5745,-0.849,-0.265,-55.585
XDA.XsDeviceId,1790006411.091599,5745,-0.126,-0.976,-54.229
XDA.XsDeviceId,1790006411.107571,5746,-0.848,-0.265,-55.583
XDA.XsDeviceId,1790006411.107578,5746,-0.126,-0.976,-54.229
XDA.XsDeviceId,1790006411.123481,5747,-0.849,-0.264,-55.582
XDA.XsDeviceId,1790006411.123487,5747,-0.124,-0.977,-54.228
XDA.XsDeviceId,1790006411.139441,5748,-0.847,-0.266,-55.579
XDA.XsDeviceId,1790006411.139447,5748,-0.125,-0.975,-54.229
XDA.XsDeviceId,1790006411.155348,5749,-0.848,-0.265,-55.578
XDA.XsDeviceId,1790006411.170493,5749,-0.125,-0.975,-54.228
XDA.XsDeviceId,1790006411.186507,5750,-0.849,-0.264,-55.577
XDA.XsDeviceId,1790006411.186514,5750,-0.126,-0.975,-54.230
XDA.XsDeviceId,1790006411.202272,5751,-0.850,-0.265,-55.576
XDA.XsDeviceId,1790006411.202279,5751,-0.125,-0.975,-54.229
XDA.XsDeviceId,1790006411.218390,5752,-0.849,-0.264,-55.575
XDA.XsDeviceId,1790006411.218397,5752,-0.125,-0.976,-54.229
XDA.XsDeviceId,1790006411.234327,5753,-0.850,-0.264,-55.575
XDA.XsDeviceId,1790006411.234333,5753,-0.126,-0.977,-54.230
XDA.XsDeviceId,1790006411.250446,5754,-0.849,-0.264,-55.574
XDA.XsDeviceId,1790006411.250451,5754,-0.126,-0.976,-54.230
XDA.XsDeviceId,1790006411.266577,5755,-0.850,-0.263,-55.572
XDA.XsDeviceId,1790006411.266583,5755,-0.127,-0.976,-54.229
XDA.XsDeviceId,1790006411.282479,5756,-0.850,-0.262,-55.571
XDA.XsDeviceId,1790006411.282486,5756,-0.125,-0.977,-54.228
XDA.XsDeviceId,1790006411.298642,5757,-0.850,-0.260,-55.569
XDA.XsDeviceId,1790006411.298648,5757,-0.126,-0.977,-54.228
XDA.XsDeviceId,1790006411.314720,5758,-0.849,-0.260,-55.570
XDA.XsDeviceId,1790006411.314726,5758,-0.129,-0.975,-54.228
XDA.XsDeviceId,1790006411.330811,5759,-0.847,-0.261,-55.568
XDA.XsDeviceId,1790006411.330814,5759,-0.128,-0.976,-54.228
XDA.XsDeviceId,1790006411.346654,5760,-0.848,-0.260,-55.567
XDA.XsDeviceId,1790006411.346660,5760,-0.129,-0.976,-54.227
XDA.XsDeviceId,1790006411.362413,5761,-0.847,-0.259,-55.567
XDA.XsDeviceId,1790006411.362418,5761,-0.127,-0.976,-54.228
XDA.XsDeviceId,1790006411.378570,5762,-0.847,-0.259,-55.565
XDA.XsDeviceId,1790006411.378575,5762,-0.128,-0.976,-54.228
XDA.XsDeviceId,1790006411.394530,5763,-0.848,-0.259,-55.565
XDA.XsDeviceId,1790006411.394537,5763,-0.126,-0.975,-54.229
XDA.XsDeviceId,1790006411.410756,5764,-0.848,-0.256,-55.565
XDA.XsDeviceId,1790006411.410763,5764,-0.127,-0.976,-54.228
XDA.XsDeviceId,1790006411.426543,5765,-0.847,-0.259,-55.567
XDA.XsDeviceId,1790006411.426548,5765,-0.125,-0.975,-54.228
XDA.XsDeviceId,1790006411.442493,5766,-0.849,-0.258,-55.564
XDA.XsDeviceId,1790006411.442499,5766,-0.126,-0.976,-54.227
XDA.XsDeviceId,1790006411.458660,5767,-0.848,-0.257,-55.564
XDA.XsDeviceId,1790006411.458666,5767,-0.127,-0.974,-54.228
XDA.XsDeviceId,1790006411.474604,5768,-0.848,-0.258,-55.563
XDA.XsDeviceId,1790006411.474606,5768,-0.128,-0.975,-54.228
XDA.XsDeviceId,1790006411.490639,5769,-0.849,-0.258,-55.564
XDA.XsDeviceId,1790006411.490644,5769,-0.128,-0.974,-54.229
XDA.XsDeviceId,1790006411.506669,5770,-0.850,-0.258,-55.563
XDA.XsDeviceId,1790006411.506676,5770,-0.130,-0.975,-54.229
XDA.XsDeviceId,1790006411.522878,5771,-0.848,-0.258,-55.562
XDA.XsDeviceId,1790006411.522884,5771,-0.132,-0.976,-54.230
XDA.XsDeviceId,1790006411.539086,5772,-0.849,-0.260,-55.560
XDA.XsDeviceId,1790006411.539094,5772,-0.130,-0.976,-54.231
XDA.XsDeviceId,1790006411.570956,5773,-0.850,-0.258,-55.560
XDA.XsDeviceId,1790006411.571031,5773,-0.130,-0.977,-54.231
XDA.XsDeviceId,1790006411.587107,5774,-0.850,-0.260,-55.559
XDA.XsDeviceId,1790006411.587114,5774,-0.131,-0.975,-54.231
XDA.XsDeviceId,1790006411.603406,5775,-0.850,-0.259,-55.559
XDA.XsDeviceId,1790006411.603413,5775,-0.132,-0.976,-54.230
XDA.XsDeviceId,1790006411.619492,5776,-0.851,-0.259,-55.558
XDA.XsDeviceId,1790006411.619498,5776,-0.133,-0.976,-54.231
XDA.XsDeviceId,1790006411.635517,5777,-0.852,-0.258,-55.556
XDA.XsDeviceId,1790006411.635522,5777,-0.133,-0.975,-54.230
XDA.XsDeviceId,1790006411.651529,5778,-0.853,-0.259,-55.555
XDA.XsDeviceId,1790006411.651535,5778,-0.132,-0.974,-54.232
XDA.XsDeviceId,1790006411.667388,5779,-0.854,-0.260,-55.553
XDA.XsDeviceId,1790006411.667446,5779,-0.131,-0.973,-54.232
XDA.XsDeviceId,1790006411.683332,5780,-0.855,-0.259,-55.552
XDA.XsDeviceId,1790006411.683338,5780,-0.131,-0.974,-54.231
XDA.XsDeviceId,1790006411.699243,5781,-0.853,-0.260,-55.550
XDA.XsDeviceId,1790006411.699248,5781,-0.132,-0.974,-54.232
XDA.XsDeviceId,1790006411.715362,5782,-0.855,-0.259,-55.549
XDA.XsDeviceId,1790006411.715368,5782,-0.131,-0.973,-54.231
XDA.XsDeviceId,1790006411.731374,5783,-0.854,-0.260,-55.549
XDA.XsDeviceId,1790006411.731379,5783,-0.130,-0.974,-54.229
XDA.XsDeviceId,1790006411.747386,5784,-0.856,-0.261,-55.548
XDA.XsDeviceId,1790006411.747393,5784,-0.131,-0.975,-54.230
XDA.XsDeviceId,1790006411.763034,5785,-0.856,-0.260,-55.547
XDA.XsDeviceId,1790006411.763040,5785,-0.131,-0.976,-54.231
XDA.XsDeviceId,1790006411.778783,5786,-0.856,-0.260,-55.545
XDA.XsDeviceId,1790006411.778789,5786,-0.130,-0.975,-54.230
XDA.XsDeviceId,1790006411.794606,5787,-0.857,-0.260,-55.544
XDA.XsDeviceId,1790006411.794636,5787,-0.131,-0.975,-54.229
XDA.XsDeviceId,1790006411.810661,5788,-0.858,-0.259,-55.544
XDA.XsDeviceId,1790006411.810666,5788,-0.129,-0.974,-54.229
XDA.XsDeviceId,1790006411.826400,5789,-0.858,-0.260,-55.544
XDA.XsDeviceId,1790006411.826403,5789,-0.132,-0.974,-54.228
XDA.XsDeviceId,1790006411.842550,5790,-0.858,-0.259,-55.540
XDA.XsDeviceId,1790006411.842556,5790,-0.130,-0.973,-54.229
XDA.XsDeviceId,1790006411.858513,5791,-0.858,-0.259,-55.539
XDA.XsDeviceId,1790006411.858520,5791,-0.130,-0.973,-54.231
XDA.XsDeviceId,1790006411.874444,5792,-0.858,-0.260,-55.539
XDA.XsDeviceId,1790006411.874447,5792,-0.130,-0.971,-54.231
XDA.XsDeviceId,1790006411.890202,5793,-0.858,-0.260,-55.537
XDA.XsDeviceId,1790006411.890204,5793,-0.130,-0.972,-54.232
XDA.XsDeviceId,1790006411.906605,5794,-0.859,-0.260,-55.537
XDA.XsDeviceId,1790006411.906612,5794,-0.129,-0.972,-54.233
XDA.XsDeviceId,1790006411.922552,5795,-0.858,-0.260,-55.536
XDA.XsDeviceId,1790006411.922559,5795,-0.131,-0.972,-54.234
XDA.XsDeviceId,1790006411.938499,5796,-0.860,-0.260,-55.535
XDA.XsDeviceId,1790006411.954395,5796,-0.129,-0.972,-54.234
XDA.XsDeviceId,1790006411.970224,5797,-0.859,-0.262,-55.536
XDA.XsDeviceId,1790006411.970231,5797,-0.129,-0.971,-54.234
XDA.XsDeviceId,1790006411.986392,5798,-0.860,-0.261,-55.536
XDA.XsDeviceId,1790006411.986398,5798,-0.129,-0.971,-54.234
XDA.XsDeviceId,1790006412.002367,5799,-0.861,-0.262,-55.532
XDA.XsDeviceId,1790006412.002375,5799,-0.131,-0.972,-54.234
XDA.XsDeviceId,1790006412.018036,5800,-0.863,-0.261,-55.532
XDA.XsDeviceId,1790006412.018042,5800,-0.130,-0.972,-54.234
XDA.XsDeviceId,1790006412.033893,5801,-0.864,-0.261,-55.531
XDA.XsDeviceId,1790006412.033900,5801,-0.131,-0.973,-54.234
XDA.XsDeviceId,1790006412.049890,5802,-0.866,-0.261,-55.531
XDA.XsDeviceId,1790006412.049896,5802,-0.131,-0.973,-54.234
XDA.XsDeviceId,1790006412.065811,5803,-0.866,-0.262,-55.530
XDA.XsDeviceId,1790006412.065825,5803,-0.130,-0.972,-54.235
XDA.XsDeviceId,1790006412.081636,5804,-0.865,-0.262,-55.530
XDA.XsDeviceId,1790006412.081643,5804,-0.131,-0.971,-54.234
XDA.XsDeviceId,1790006412.097528,5805,-0.864,-0.259,-55.527
XDA.XsDeviceId,1790006412.097535,5805,-0.131,-0.970,-54.233
XDA.XsDeviceId,1790006412.113456,5806,-0.867,-0.258,-55.528
XDA.XsDeviceId,1790006412.113462,5806,-0.130,-0.972,-54.233
XDA.XsDeviceId,1790006412.129673,5807,-0.866,-0.259,-55.527
XDA.XsDeviceId,1790006412.129679,5807,-0.130,-0.971,-54.232
XDA.XsDeviceId,1790006412.145766,5808,-0.867,-0.260,-55.525
XDA.XsDeviceId,1790006412.145772,5808,-0.131,-0.972,-54.232
XDA.XsDeviceId,1790006412.161773,5809,-0.868,-0.259,-55.523
XDA.XsDeviceId,1790006412.161777,5809,-0.130,-0.972,-54.232
XDA.XsDeviceId,1790006412.177662,5810,-0.868,-0.259,-55.522
XDA.XsDeviceId,1790006412.177669,5810,-0.130,-0.973,-54.232
XDA.XsDeviceId,1790006412.192805,5811,-0.869,-0.258,-55.521
XDA.XsDeviceId,1790006412.192812,5811,-0.132,-0.973,-54.232
XDA.XsDeviceId,1790006412.208706,5812,-0.870,-0.258,-55.519
XDA.XsDeviceId,1790006412.208714,5812,-0.132,-0.973,-54.234
XDA.XsDeviceId,1790006412.230599,5813,-0.869,-0.258,-55.516
XDA.XsDeviceId,1790006412.230606,5813,-0.133,-0.971,-54.234
XDA.XsDeviceId,1790006412.246711,5814,-0.869,-0.260,-55.514
XDA.XsDeviceId,1790006412.246717,5814,-0.132,-0.974,-54.234
XDA.XsDeviceId,1790006412.262907,5815,-0.871,-0.259,-55.512
XDA.XsDeviceId,1790006412.262909,5815,-0.135,-0.975,-54.234
XDA.XsDeviceId,1790006412.278990,5816,-0.871,-0.260,-55.510
XDA.XsDeviceId,1790006412.278994,5816,-0.135,-0.977,-54.234
XDA.XsDeviceId,1790006412.295111,5817,-0.870,-0.259,-55.509
XDA.XsDeviceId,1790006412.295113,5817,-0.133,-0.975,-54.232
XDA.XsDeviceId,1790006412.311241,5818,-0.873,-0.257,-55.508
XDA.XsDeviceId,1790006412.311248,5818,-0.133,-0.974,-54.233
XDA.XsDeviceId,1790006412.327111,5819,-0.872,-0.258,-55.507
XDA.XsDeviceId,1790006412.327119,5819,-0.133,-0.974,-54.232
XDA.XsDeviceId,1790006412.343258,5820,-0.871,-0.257,-55.506
XDA.XsDeviceId,1790006412.343264,5820,-0.131,-0.977,-54.231
XDA.XsDeviceId,1790006412.359141,5821,-0.874,-0.257,-55.504
XDA.XsDeviceId,1790006412.359144,5821,-0.134,-0.977,-54.233
XDA.XsDeviceId,1790006412.375047,5822,-0.875,-0.255,-55.504
XDA.XsDeviceId,1790006412.375048,5822,-0.133,-0.975,-54.234
XDA.XsDeviceId,1790006412.391175,5823,-0.875,-0.257,-55.502
XDA.XsDeviceId,1790006412.391182,5823,-0.133,-0.975,-54.234
XDA.XsDeviceId,1790006412.407151,5824,-0.874,-0.258,-55.500
XDA.XsDeviceId,1790006412.407157,5824,-0.134,-0.977,-54.234
XDA.XsDeviceId,1790006412.423069,5825,-0.873,-0.256,-55.499
XDA.XsDeviceId,1790006412.423075,5825,-0.134,-0.976,-54.235
XDA.XsDeviceId,1790006412.439079,5826,-0.875,-0.257,-55.498
XDA.XsDeviceId,1790006412.455263,5826,-0.136,-0.976,-54.235
XDA.XsDeviceId,1790006412.471550,5827,-0.874,-0.258,-55.498
XDA.XsDeviceId,1790006412.471556,5827,-0.134,-0.975,-54.237
XDA.XsDeviceId,1790006412.487586,5828,-0.873,-0.258,-55.498
XDA.XsDeviceId,1790006412.487593,5828,-0.135,-0.974,-54.237
XDA.XsDeviceId,1790006412.503314,5829,-0.875,-0.257,-55.496
XDA.XsDeviceId,1790006412.503320,5829,-0.136,-0.974,-54.236
XDA.XsDeviceId,1790006412.519150,5830,-0.875,-0.255,-55.497
XDA.XsDeviceId,1790006412.519155,5830,-0.134,-0.974,-54.237
XDA.XsDeviceId,1790006412.535396,5831,-0.874,-0.257,-55.496
XDA.XsDeviceId,1790006412.535403,5831,-0.135,-0.974,-54.236
XDA.XsDeviceId,1790006412.551081,5832,-0.873,-0.257,-55.496
XDA.XsDeviceId,1790006412.551089,5832,-0.135,-0.974,-54.237
XDA.XsDeviceId,1790006412.567199,5833,-0.873,-0.257,-55.494
XDA.XsDeviceId,1790006412.567202,5833,-0.136,-0.974,-54.235
XDA.XsDeviceId,1790006412.583041,5834,-0.875,-0.258,-55.492
XDA.XsDeviceId,1790006412.583043,5834,-0.138,-0.974,-54.237
XDA.XsDeviceId,1790006412.598778,5835,-0.875,-0.259,-55.491
XDA.XsDeviceId,1790006412.598782,5835,-0.136,-0.975,-54.237
XDA.XsDeviceId,1790006412.614669,5836,-0.876,-0.260,-55.492
XDA.XsDeviceId,1790006412.614675,5836,-0.137,-0.976,-54.237
XDA.XsDeviceId,1790006412.630892,5837,-0.876,-0.259,-55.489
XDA.XsDeviceId,1790006412.630900,5837,-0.137,-0.977,-54.236
XDA.XsDeviceId,1790006412.646763,5838,-0.875,-0.260,-55.489
XDA.XsDeviceId,1790006412.646771,5838,-0.137,-0.976,-54.236
XDA.XsDeviceId,1790006412.662698,5839,-0.876,-0.259,-55.486
XDA.XsDeviceId,1790006412.662705,5839,-0.135,-0.977,-54.237
XDA.XsDeviceId,1790006412.678500,5840,-0.875,-0.257,-55.486
XDA.XsDeviceId,1790006412.678507,5840,-0.134,-0.976,-54.237
XDA.XsDeviceId,1790006412.694688,5841,-0.875,-0.257,-55.486
XDA.XsDeviceId,1790006412.694692,5841,-0.135,-0.977,-54.237
XDA.XsDeviceId,1790006412.710796,5842,-0.875,-0.256,-55.484
XDA.XsDeviceId,1790006412.710800,5842,-0.135,-0.977,-54.235
XDA.XsDeviceId,1790006412.726910,5843,-0.876,-0.259,-55.482
XDA.XsDeviceId,1790006412.726917,5843,-0.134,-0.977,-54.235
XDA.XsDeviceId,1790006412.742943,5844,-0.878,-0.258,-55.482
XDA.XsDeviceId,1790006412.742957,5844,-0.135,-0.977,-54.234
XDA.XsDeviceId,1790006412.758841,5845,-0.877,-0.257,-55.482
XDA.XsDeviceId,1790006412.758847,5845,-0.136,-0.976,-54.233
XDA.XsDeviceId,1790006412.775056,5846,-0.877,-0.259,-55.480
XDA.XsDeviceId,1790006412.775067,5846,-0.136,-0.976,-54.234
XDA.XsDeviceId,1790006412.791027,5847,-0.878,-0.259,-55.479
XDA.XsDeviceId,1790006412.791033,5847,-0.135,-0.975,-54.232
XDA.XsDeviceId,1790006412.806784,5848,-0.865,-0.273,-55.475
XDA.XsDeviceId,1790006412.806791,5848,-0.125,-0.973,-54.225
XDA.XsDeviceId,1790006412.823058,5849,-0.866,-0.272,-55.474
XDA.XsDeviceId,1790006412.823066,5849,-0.126,-0.973,-54.225
XDA.XsDeviceId,1790006412.838843,5850,-0.865,-0.273,-55.471
XDA.XsDeviceId,1790006412.838845,5850,-0.126,-0.974,-54.225
XDA.XsDeviceId,1790006412.854760,5851,-0.864,-0.271,-55.471
XDA.XsDeviceId,1790006412.870727,5851,-0.126,-0.974,-54.225
XDA.XsDeviceId,1790006412.886593,5852,-0.865,-0.272,-55.470
XDA.XsDeviceId,1790006412.886600,5852,-0.128,-0.975,-54.224
XDA.XsDeviceId,1790006412.902377,5853,-0.866,-0.271,-55.469
XDA.XsDeviceId,1790006412.902379,5853,-0.125,-0.974,-54.226
XDA.XsDeviceId,1790006412.918507,5854,-0.867,-0.270,-55.470
XDA.XsDeviceId,1790006412.918537,5854,-0.127,-0.974,-54.227
XDA.XsDeviceId,1790006412.934734,5855,-0.866,-0.271,-55.468
XDA.XsDeviceId,1790006412.934742,5855,-0.126,-0.974,-54.226
XDA.XsDeviceId,1790006412.950709,5856,-0.865,-0.271,-55.467
XDA.XsDeviceId,1790006412.950716,5856,-0.128,-0.974,-54.227
XDA.XsDeviceId,1790006412.966626,5857,-0.866,-0.270,-55.465
XDA.XsDeviceId,1790006412.966633,5857,-0.127,-0.974,-54.225
XDA.XsDeviceId,1790006412.982582,5858,-0.866,-0.271,-55.465
XDA.XsDeviceId,1790006412.982589,5858,-0.127,-0.974,-54.226
XDA.XsDeviceId,1790006412.998768,5859,-0.866,-0.271,-55.463
XDA.XsDeviceId,1790006412.998774,5859,-0.129,-0.975,-54.225
XDA.XsDeviceId,1790006413.014796,5860,-0.866,-0.271,-55.461
XDA.XsDeviceId,1790006413.014804,5860,-0.129,-0.973,-54.226
XDA.XsDeviceId,1790006413.030722,5861,-0.865,-0.270,-55.461
XDA.XsDeviceId,1790006413.030728,5861,-0.127,-0.974,-54.227
XDA.XsDeviceId,1790006413.046635,5862,-0.865,-0.271,-55.459
XDA.XsDeviceId,1790006413.046640,5862,-0.129,-0.974,-54.226
XDA.XsDeviceId,1790006413.062759,5863,-0.866,-0.269,-55.459
XDA.XsDeviceId,1790006413.062766,5863,-0.129,-0.974,-54.226
XDA.XsDeviceId,1790006413.078537,5864,-0.867,-0.269,-55.459
XDA.XsDeviceId,1790006413.078544,5864,-0.130,-0.976,-54.227
XDA.XsDeviceId,1790006413.094696,5865,-0.867,-0.270,-55.459
XDA.XsDeviceId,1790006413.094704,5865,-0.130,-0.977,-54.227
XDA.XsDeviceId,1790006413.110794,5866,-0.867,-0.270,-55.457
XDA.XsDeviceId,1790006413.110800,5866,-0.129,-0.978,-54.226
XDA.XsDeviceId,1790006413.126660,5867,-0.866,-0.270,-55.457
XDA.XsDeviceId,1790006413.126667,5867,-0.130,-0.980,-54.227
XDA.XsDeviceId,1790006413.142532,5868,-0.866,-0.270,-55.456
XDA.XsDeviceId,1790006413.142535,5868,-0.131,-0.978,-54.229
XDA.XsDeviceId,1790006413.158736,5869,-0.868,-0.272,-55.456
XDA.XsDeviceId,1790006413.158743,5869,-0.131,-0.978,-54.228
XDA.XsDeviceId,1790006413.174744,5870,-0.867,-0.272,-55.455
XDA.XsDeviceId,1790006413.174747,5870,-0.131,-0.979,-54.227
XDA.XsDeviceId,1790006413.190751,5871,-0.868,-0.271,-55.455
XDA.XsDeviceId,1790006413.190759,5871,-0.129,-0.979,-54.230
XDA.XsDeviceId,1790006413.206658,5872,-0.869,-0.272,-55.454
XDA.XsDeviceId,1790006413.206664,5872,-0.130,-0.979,-54.228
XDA.XsDeviceId,1790006413.222010,5873,-0.867,-0.273,-55.453
XDA.XsDeviceId,1790006413.222017,5873,-0.130,-0.979,-54.228
XDA.XsDeviceId,1790006413.264028,5874,-0.868,-0.271,-55.452
XDA.XsDeviceId,1790006413.264034,5874,-0.129,-0.979,-54.228
XDA.XsDeviceId,1790006413.280154,5875,-0.867,-0.270,-55.452
XDA.XsDeviceId,1790006413.280161,5875,-0.129,-0.977,-54.229
XDA.XsDeviceId,1790006413.296138,5876,-0.868,-0.272,-55.451
XDA.XsDeviceId,1790006413.296144,5876,-0.129,-0.979,-54.228
XDA.XsDeviceId,1790006413.312184,5877,-0.869,-0.271,-55.452
XDA.XsDeviceId,1790006413.312191,5877,-0.133,-0.978,-54.227
XDA.XsDeviceId,1790006413.328097,5878,-0.868,-0.273,-55.449
XDA.XsDeviceId,1790006413.328102,5878,-0.130,-0.978,-54.229
XDA.XsDeviceId,1790006413.344140,5879,-0.869,-0.272,-55.450
XDA.XsDeviceId,1790006413.344142,5879,-0.129,-0.977,-54.228
XDA.XsDeviceId,1790006413.360180,5880,-0.869,-0.271,-55.449
XDA.XsDeviceId,1790006413.360188,5880,-0.130,-0.978,-54.229
XDA.XsDeviceId,1790006413.376167,5881,-0.869,-0.270,-55.447
XDA.XsDeviceId,1790006413.376170,5881,-0.130,-0.978,-54.229
XDA.XsDeviceId,1790006413.391981,5882,-0.870,-0.270,-55.446
XDA.XsDeviceId,1790006413.391987,5882,-0.129,-0.979,-54.229
XDA.XsDeviceId,1790006413.407760,5883,-0.871,-0.271,-55.445
XDA.XsDeviceId,1790006413.407762,5883,-0.131,-0.977,-54.229
XDA.XsDeviceId,1790006413.423608,5884,-0.869,-0.271,-55.445
XDA.XsDeviceId,1790006413.423614,5884,-0.131,-0.978,-54.229
XDA.XsDeviceId,1790006413.439700,5885,-0.870,-0.271,-55.443
XDA.XsDeviceId,1790006413.439706,5885,-0.131,-0.981,-54.230
XDA.XsDeviceId,1790006413.455358,5886,-0.869,-0.271,-55.444
XDA.XsDeviceId,1790006413.455364,5886,-0.134,-0.979,-54.228
XDA.XsDeviceId,1790006413.471271,5887,-0.869,-0.274,-55.441
XDA.XsDeviceId,1790006413.471277,5887,-0.134,-0.979,-54.229
XDA.XsDeviceId,1790006413.487125,5888,-0.870,-0.275,-55.441
XDA.XsDeviceId,1790006413.487132,5888,-0.133,-0.979,-54.228
XDA.XsDeviceId,1790006413.502760,5889,-0.872,-0.275,-55.440
XDA.XsDeviceId,1790006413.502766,5889,-0.133,-0.979,-54.230
XDA.XsDeviceId,1790006413.518864,5890,-0.871,-0.276,-55.439
XDA.XsDeviceId,1790006413.518867,5890,-0.134,-0.979,-54.230
XDA.XsDeviceId,1790006413.534946,5891,-0.870,-0.275,-55.438
XDA.XsDeviceId,1790006413.534948,5891,-0.134,-0.979,-54.230
XDA.XsDeviceId,1790006413.551206,5892,-0.871,-0.276,-55.435
XDA.XsDeviceId,1790006413.551214,5892,-0.135,-0.979,-54.232
XDA.XsDeviceId,1790006413.567077,5893,-0.872,-0.274,-55.435
XDA.XsDeviceId,1790006413.567081,5893,-0.135,-0.980,-54.231
XDA.XsDeviceId,1790006413.583137,5894,-0.872,-0.275,-55.433
XDA.XsDeviceId,1790006413.583142,5894,-0.136,-0.980,-54.233
XDA.XsDeviceId,1790006413.599139,5895,-0.872,-0.275,-55.434
XDA.XsDeviceId,1790006413.599145,5895,-0.135,-0.979,-54.233
XDA.XsDeviceId,1790006413.615015,5896,-0.871,-0.274,-55.432
XDA.XsDeviceId,1790006413.615023,5896,-0.136,-0.978,-54.232
XDA.XsDeviceId,1790006413.631037,5897,-0.871,-0.275,-55.430
XDA.XsDeviceId,1790006413.631042,5897,-0.134,-0.978,-54.232
XDA.XsDeviceId,1790006413.646748,5898,-0.871,-0.275,-55.429
XDA.XsDeviceId,1790006413.646754,5898,-0.135,-0.978,-54.232
XDA.XsDeviceId,1790006413.662487,5899,-0.871,-0.276,-55.428
XDA.XsDeviceId,1790006413.662498,5899,-0.135,-0.977,-54.234
XDA.XsDeviceId,1790006413.678524,5900,-0.871,-0.274,-55.429
XDA.XsDeviceId,1790006413.678530,5900,-0.136,-0.976,-54.233
XDA.XsDeviceId,1790006413.694616,5901,-0.871,-0.274,-55.426
XDA.XsDeviceId,1790006413.694622,5901,-0.135,-0.976,-54.234
XDA.XsDeviceId,1790006413.710377,5902,-0.872,-0.274,-55.425
XDA.XsDeviceId,1790006413.710384,5902,-0.134,-0.976,-54.234
XDA.XsDeviceId,1790006413.726998,5903,-0.872,-0.276,-55.424
XDA.XsDeviceId,1790006413.727001,5903,-0.134,-0.976,-54.233
XDA.XsDeviceId,1790006413.742931,5904,-0.872,-0.276,-55.423
XDA.XsDeviceId,1790006413.742935,5904,-0.135,-0.976,-54.233
XDA.XsDeviceId,1790006413.758950,5905,-0.871,-0.277,-55.422
XDA.XsDeviceId,1790006413.758954,5905,-0.134,-0.975,-54.233
XDA.XsDeviceId,1790006413.774943,5906,-0.869,-0.275,-55.422
XDA.XsDeviceId,1790006413.774946,5906,-0.133,-0.976,-54.233
XDA.XsDeviceId,1790006413.790953,5907,-0.871,-0.273,-55.421
XDA.XsDeviceId,1790006413.790960,5907,-0.134,-0.978,-54.234
XDA.XsDeviceId,1790006413.807086,5908,-0.871,-0.272,-55.422
XDA.XsDeviceId,1790006413.807092,5908,-0.132,-0.978,-54.232
XDA.XsDeviceId,1790006413.822883,5909,-0.872,-0.272,-55.421
XDA.XsDeviceId,1790006413.822889,5909,-0.133,-0.978,-54.233
XDA.XsDeviceId,1790006413.839011,5910,-0.870,-0.270,-55.420
XDA.XsDeviceId,1790006413.839014,5910,-0.133,-0.979,-54.233
XDA.XsDeviceId,1790006413.871035,5911,-0.872,-0.271,-55.420
XDA.XsDeviceId,1790006413.871038,5911,-0.134,-0.979,-54.232
XDA.XsDeviceId,1790006413.887227,5912,-0.871,-0.269,-55.418
XDA.XsDeviceId,1790006413.887233,5912,-0.134,-0.977,-54.232
XDA.XsDeviceId,1790006413.902966,5913,-0.872,-0.270,-55.416
XDA.XsDeviceId,1790006413.902972,5913,-0.135,-0.977,-54.232
XDA.XsDeviceId,1790006413.919103,5914,-0.872,-0.271,-55.416
XDA.XsDeviceId,1790006413.919106,5914,-0.136,-0.978,-54.233
XDA.XsDeviceId,1790006413.935103,5915,-0.872,-0.273,-55.415
XDA.XsDeviceId,1790006413.935106,5915,-0.139,-0.978,-54.232
XDA.XsDeviceId,1790006413.951247,5916,-0.872,-0.272,-55.415
XDA.XsDeviceId,1790006413.951253,5916,-0.140,-0.977,-54.233
XDA.XsDeviceId,1790006413.967274,5917,-0.871,-0.272,-55.412
XDA.XsDeviceId,1790006413.967293,5917,-0.140,-0.979,-54.233
XDA.XsDeviceId,1790006413.983088,5918,-0.871,-0.272,-55.410
XDA.XsDeviceId,1790006413.983091,5918,-0.140,-0.981,-54.232
XDA.XsDeviceId,1790006413.999518,5919,-0.871,-0.271,-55.409
XDA.XsDeviceId,1790006413.999525,5919,-0.141,-0.980,-54.234
XDA.XsDeviceId,1790006414.015492,5920,-0.870,-0.271,-55.407
XDA.XsDeviceId,1790006414.015496,5920,-0.139,-0.980,-54.233
XDA.XsDeviceId,1790006414.031516,5921,-0.871,-0.272,-55.406
XDA.XsDeviceId,1790006414.031634,5921,-0.141,-0.979,-54.234
XDA.XsDeviceId,1790006414.047562,5922,-0.870,-0.271,-55.407
XDA.XsDeviceId,1790006414.047569,5922,-0.141,-0.980,-54.234
XDA.XsDeviceId,1790006414.063272,5923,-0.870,-0.269,-55.407
XDA.XsDeviceId,1790006414.063278,5923,-0.140,-0.978,-54.234
XDA.XsDeviceId,1790006414.079362,5924,-0.871,-0.270,-55.406
XDA.XsDeviceId,1790006414.079365,5924,-0.140,-0.981,-54.233
XDA.XsDeviceId,1790006414.095252,5925,-0.869,-0.271,-55.404
XDA.XsDeviceId,1790006414.095261,5925,-0.141,-0.982,-54.233
XDA.XsDeviceId,1790006414.111064,5926,-0.871,-0.271,-55.403
XDA.XsDeviceId,1790006414.111068,5926,-0.143,-0.982,-54.234
XDA.XsDeviceId,1790006414.126888,5927,-0.870,-0.275,-55.402
XDA.XsDeviceId,1790006414.126892,5927,-0.142,-0.983,-54.235
XDA.XsDeviceId,1790006414.143036,5928,-0.870,-0.274,-55.401
XDA.XsDeviceId,1790006414.143039,5928,-0.143,-0.984,-54.236
XDA.XsDeviceId,1790006414.159019,5929,-0.872,-0.272,-55.400
XDA.XsDeviceId,1790006414.159025,5929,-0.144,-0.984,-54.236
XDA.XsDeviceId,1790006414.175020,5930,-0.870,-0.272,-55.400
XDA.XsDeviceId,1790006414.175026,5930,-0.144,-0.985,-54.236
XDA.XsDeviceId,1790006414.191058,5931,-0.871,-0.271,-55.399
XDA.XsDeviceId,1790006414.191064,5931,-0.146,-0.986,-54.237
XDA.XsDeviceId,1790006414.207179,5932,-0.870,-0.273,-55.397
XDA.XsDeviceId,1790006414.207182,5932,-0.146,-0.984,-54.239
XDA.XsDeviceId,1790006414.223383,5933,-0.871,-0.271,-55.398
XDA.XsDeviceId,1790006414.223389,5933,-0.146,-0.982,-54.239
XDA.XsDeviceId,1790006414.239555,5934,-0.871,-0.272,-55.396
XDA.XsDeviceId,1790006414.239562,5934,-0.146,-0.982,-54.239
XDA.XsDeviceId,1790006414.255378,5935,-0.871,-0.273,-55.397
XDA.XsDeviceId,1790006414.271595,5935,-0.145,-0.982,-54.241
XDA.XsDeviceId,1790006414.287693,5936,-0.871,-0.273,-55.397
XDA.XsDeviceId,1790006414.287699,5936,-0.145,-0.982,-54.241
XDA.XsDeviceId,1790006414.303399,5937,-0.872,-0.274,-55.396
XDA.XsDeviceId,1790006414.303406,5937,-0.145,-0.982,-54.241
XDA.XsDeviceId,1790006414.319207,5938,-0.873,-0.274,-55.397
XDA.XsDeviceId,1790006414.319214,5938,-0.145,-0.985,-54.241
XDA.XsDeviceId,1790006414.335109,5939,-0.873,-0.274,-55.394
XDA.XsDeviceId,1790006414.335115,5939,-0.145,-0.984,-54.240
XDA.XsDeviceId,1790006414.351036,5940,-0.871,-0.276,-55.395
XDA.XsDeviceId,1790006414.351043,5940,-0.145,-0.985,-54.239
XDA.XsDeviceId,1790006414.366904,5941,-0.872,-0.275,-55.396
XDA.XsDeviceId,1790006414.366910,5941,-0.145,-0.983,-54.242
XDA.XsDeviceId,1790006414.382918,5942,-0.872,-0.275,-55.393
XDA.XsDeviceId,1790006414.382925,5942,-0.146,-0.984,-54.240
XDA.XsDeviceId,1790006414.398956,5943,-0.872,-0.273,-55.392
XDA.XsDeviceId,1790006414.398978,5943,-0.146,-0.983,-54.240
XDA.XsDeviceId,1790006414.415064,5944,-0.874,-0.273,-55.392
XDA.XsDeviceId,1790006414.415067,5944,-0.145,-0.984,-54.238
XDA.XsDeviceId,1790006414.430971,5945,-0.872,-0.273,-55.390
XDA.XsDeviceId,1790006414.430977,5945,-0.144,-0.983,-54.240
XDA.XsDeviceId,1790006414.446988,5946,-0.873,-0.274,-55.390
XDA.XsDeviceId,1790006414.447001,5946,-0.146,-0.982,-54.239
XDA.XsDeviceId,1790006414.462785,5947,-0.874,-0.273,-55.388
XDA.XsDeviceId,1790006414.462792,5947,-0.144,-0.981,-54.241
XDA.XsDeviceId,1790006414.478741,5948,-0.875,-0.274,-55.389
XDA.XsDeviceId,1790006414.478746,5948,-0.146,-0.980,-54.240
XDA.XsDeviceId,1790006414.494906,5949,-0.875,-0.273,-55.386
XDA.XsDeviceId,1790006414.494912,5949,-0.143,-0.981,-54.240
XDA.XsDeviceId,1790006414.510685,5950,-0.873,-0.272,-55.385
XDA.XsDeviceId,1790006414.510691,5950,-0.145,-0.979,-54.239
XDA.XsDeviceId,1790006414.526623,5951,-0.874,-0.273,-55.384
XDA.XsDeviceId,1790006414.526629,5951,-0.144,-0.980,-54.239
XDA.XsDeviceId,1790006414.542639,5952,-0.875,-0.273,-55.384
XDA.XsDeviceId,1790006414.542648,5952,-0.144,-0.980,-54.240
XDA.XsDeviceId,1790006414.558463,5953,-0.874,-0.271,-55.383
XDA.XsDeviceId,1790006414.558469,5953,-0.143,-0.979,-54.240
XDA.XsDeviceId,1790006414.574832,5954,-0.874,-0.270,-55.382
XDA.XsDeviceId,1790006414.574839,5954,-0.143,-0.977,-54.241
XDA.XsDeviceId,1790006414.590644,5955,-0.876,-0.271,-55.382
XDA.XsDeviceId,1790006414.590704,5955,-0.143,-0.977,-54.241
XDA.XsDeviceId,1790006414.606734,5956,-0.874,-0.271,-55.382
XDA.XsDeviceId,1790006414.606739,5956,-0.144,-0.978,-54.241
XDA.XsDeviceId,1790006414.622840,5957,-0.875,-0.271,-55.380
XDA.XsDeviceId,1790006414.622845,5957,-0.144,-0.979,-54.242
XDA.XsDeviceId,1790006414.639079,5958,-0.874,-0.270,-55.381
XDA.XsDeviceId,1790006414.655259,5958,-0.146,-0.980,-54.241
XDA.XsDeviceId,1790006414.671506,5959,-0.876,-0.271,-55.379
XDA.XsDeviceId,1790006414.671512,5959,-0.145,-0.979,-54.241
XDA.XsDeviceId,1790006414.687643,5960,-0.875,-0.271,-55.378
XDA.XsDeviceId,1790006414.687651,5960,-0.146,-0.980,-54.240
XDA.XsDeviceId,1790006414.703362,5961,-0.874,-0.272,-55.379
XDA.XsDeviceId,1790006414.703368,5961,-0.146,-0.980,-54.241
XDA.XsDeviceId,1790006414.719518,5962,-0.876,-0.272,-55.378
XDA.XsDeviceId,1790006414.719524,5962,-0.145,-0.982,-54.240
XDA.XsDeviceId,1790006414.735695,5963,-0.874,-0.272,-55.378
XDA.XsDeviceId,1790006414.735700,5963,-0.144,-0.981,-54.241
XDA.XsDeviceId,1790006414.751999,5964,-0.875,-0.274,-55.377
XDA.XsDeviceId,1790006414.752004,5964,-0.145,-0.984,-54.238
XDA.XsDeviceId,1790006414.768118,5965,-0.877,-0.273,-55.377
XDA.XsDeviceId,1790006414.768126,5965,-0.145,-0.983,-54.240
XDA.XsDeviceId,1790006414.784031,5966,-0.877,-0.275,-55.377
XDA.XsDeviceId,1790006414.784047,5966,-0.148,-0.982,-54.238
XDA.XsDeviceId,1790006414.799899,5967,-0.879,-0.273,-55.375
XDA.XsDeviceId,1790006414.799904,5967,-0.150,-0.980,-54.236
XDA.XsDeviceId,1790006414.816047,5968,-0.884,-0.281,-55.377
XDA.XsDeviceId,1790006414.816052,5968,-0.140,-0.974,-54.206
XDA.XsDeviceId,1790006414.832036,5969,-0.884,-0.281,-55.376
XDA.XsDeviceId,1790006414.832042,5969,-0.141,-0.976,-54.207
XDA.XsDeviceId,1790006414.847845,5970,-0.884,-0.280,-55.375
XDA.XsDeviceId,1790006414.847851,5970,-0.144,-0.977,-54.210
XDA.XsDeviceId,1790006414.863811,5971,-0.884,-0.281,-55.373
XDA.XsDeviceId,1790006414.863827,5971,-0.138,-0.976,-54.264
XDA.XsDeviceId,1790006414.879636,5972,-0.884,-0.282,-55.373
XDA.XsDeviceId,1790006414.879642,5972,-0.078,-1.029,-54.469
XDA.XsDeviceId,1790006414.895575,5973,-0.884,-0.282,-55.374
XDA.XsDeviceId,1790006414.895579,5973,-0.078,-0.999,-53.956
XDA.XsDeviceId,1790006414.911760,5974,-0.883,-0.282,-55.373
XDA.XsDeviceId,1790006414.911766,5974,-0.040,-1.000,-52.699
XDA.XsDeviceId,1790006414.927758,5975,-0.885,-0.282,-55.373
XDA.XsDeviceId,1790006414.927762,5975,0.011,-0.947,-52.349
XDA.XsDeviceId,1790006414.943888,5976,-0.884,-0.282,-55.372
XDA.XsDeviceId,1790006414.943893,5976,-0.143,-0.975,-52.725
XDA.XsDeviceId,1790006414.959807,5977,-0.884,-0.283,-55.372
XDA.XsDeviceId,1790006414.959813,5977,-0.169,-0.970,-53.416
XDA.XsDeviceId,1790006414.975661,5978,-0.884,-0.284,-55.372
XDA.XsDeviceId,1790006414.975667,5978,-0.325,-0.961,-54.669
XDA.XsDeviceId,1790006414.991378,5979,-0.884,-0.283,-55.373
XDA.XsDeviceId,1790006414.991383,5979,-1.166,-1.168,-56.522
XDA.XsDeviceId,1790006415.007582,5980,-0.885,-0.285,-55.371
XDA.XsDeviceId,1790006415.007589,5980,-2.667,-0.906,-57.312
XDA.XsDeviceId,1790006415.023408,5981,-0.885,-0.286,-55.368
XDA.XsDeviceId,1790006415.023414,5981,-4.484,-0.968,-56.117
XDA.XsDeviceId,1790006415.039342,5982,-0.885,-0.287,-55.368
XDA.XsDeviceId,1790006415.039346,5982,-6.251,-0.934,-54.920
XDA.XsDeviceId,1790006415.055318,5983,-0.886,-0.285,-55.368
XDA.XsDeviceId,1790006415.071041,5983,-9.600,-0.982,-53.122
XDA.XsDeviceId,1790006415.087255,5984,-0.887,-0.284,-55.368
XDA.XsDeviceId,1790006415.087262,5984,-14.495,-1.124,-50.365
XDA.XsDeviceId,1790006415.103225,5985,-0.888,-0.283,-55.367
XDA.XsDeviceId,1790006415.103231,5985,-20.301,-1.196,-46.677
XDA.XsDeviceId,1790006415.119364,5986,-0.888,-0.283,-55.367
XDA.XsDeviceId,1790006415.119370,5986,-25.682,-1.382,-42.807
XDA.XsDeviceId,1790006415.135419,5987,-0.887,-0.283,-55.368
XDA.XsDeviceId,1790006415.135422,5987,-29.972,-2.072,-40.573
XDA.XsDeviceId,1790006415.151537,5988,-0.887,-0.282,-55.368
XDA.XsDeviceId,1790006415.151540,5988,-33.546,-2.742,-39.958
XDA.XsDeviceId,1790006415.167452,5989,-0.889,-0.283,-55.366
XDA.XsDeviceId,1790006415.167459,5989,-36.663,-3.154,-39.878
XDA.XsDeviceId,1790006415.183336,5990,-0.889,-0.282,-55.365
XDA.XsDeviceId,1790006415.183340,5990,-39.630,-3.138,-39.807
XDA.XsDeviceId,1790006415.199127,5991,-0.890,-0.283,-55.365
XDA.XsDeviceId,1790006415.199134,5991,-43.727,-2.127,-39.007
XDA.XsDeviceId,1790006415.215083,5992,-0.891,-0.283,-55.365
XDA.XsDeviceId,1790006415.215090,5992,-50.183,-1.006,-36.577
XDA.XsDeviceId,1790006415.231033,5993,-0.893,-0.284,-55.363
XDA.XsDeviceId,1790006415.231039,5993,-58.303,-1.014,-34.671
XDA.XsDeviceId,1790006415.246657,5994,-0.892,-0.285,-55.363
XDA.XsDeviceId,1790006415.246660,5994,-71.465,-1.061,-35.575
XDA.XsDeviceId,1790006415.262392,5995,-0.893,-0.284,-55.362
XDA.XsDeviceId,1790006415.262397,5995,-88.106,-0.782,-38.269
XDA.XsDeviceId,1790006415.278451,5996,-0.893,-0.281,-55.365
XDA.XsDeviceId,1790006415.278458,5996,-92.125,-1.348,-37.600
XDA.XsDeviceId,1790006415.281432,5997,-0.893,-0.283,-55.365
XDA.XsDeviceId,1790006415.281435,5997,-92.202,-1.004,-38.017
XDA.XsDeviceId,1790006415.313454,5998,-0.892,-0.282,-55.366
XDA.XsDeviceId,1790006415.313461,5998,-92.431,-1.037,-38.443
XDA.XsDeviceId,1790006415.329255,5999,-0.892,-0.283,-55.366
XDA.XsDeviceId,1790006415.329259,5999,-93.148,-1.164,-39.630
XDA.XsDeviceId,1790006415.345164,6000,-0.893,-0.283,-55.366
XDA.XsDeviceId,1790006415.345171,6000,-93.544,-1.176,-41.411
XDA.XsDeviceId,1790006415.361056,6001,-0.893,-0.283,-55.365
XDA.XsDeviceId,1790006415.361062,6001,-94.192,-1.179,-44.135
XDA.XsDeviceId,1790006415.377246,6002,-0.892,-0.283,-55.365
XDA.XsDeviceId,1790006415.377251,6002,-95.533,-1.182,-47.507
XDA.XsDeviceId,1790006415.393133,6003,-0.892,-0.283,-55.364
XDA.XsDeviceId,1790006415.393140,6003,-97.812,-1.190,-51.214
XDA.XsDeviceId,1790006415.409288,6004,-0.894,-0.284,-55.364
XDA.XsDeviceId,1790006415.409294,6004,-100.776,-1.174,-54.662
XDA.XsDeviceId,1790006415.425137,6005,-0.894,-0.285,-55.362
XDA.XsDeviceId,1790006415.425144,6005,-103.613,-1.178,-57.020
XDA.XsDeviceId,1790006415.441036,6006,-0.893,-0.284,-55.362
XDA.XsDeviceId,1790006415.441044,6006,-106.456,-1.180,-58.593
XDA.XsDeviceId,1790006415.456862,6007,-0.894,-0.284,-55.361
XDA.XsDeviceId,1790006415.456877,6007,-108.978,-1.177,-59.195
XDA.XsDeviceId,1790006415.473111,6008,-0.893,-0.284,-55.359
XDA.XsDeviceId,1790006415.473115,6008,-111.420,-1.181,-59.195
XDA.XsDeviceId,1790006415.489180,6009,-0.893,-0.284,-55.359
XDA.XsDeviceId,1790006415.505193,6009,-114.179,-1.185,-59.105
XDA.XsDeviceId,1790006415.521127,6010,-0.893,-0.286,-55.359
XDA.XsDeviceId,1790006415.521132,6010,-117.417,-1.189,-58.779
XDA.XsDeviceId,1790006415.537113,6011,-0.893,-0.285,-55.358
XDA.XsDeviceId,1790006415.537121,6011,-121.068,-1.196,-58.772
XDA.XsDeviceId,1790006415.553240,6012,-0.894,-0.285,-55.355
XDA.XsDeviceId,1790006415.553246,6012,-125.182,-1.204,-58.655
XDA.XsDeviceId,1790006415.569484,6013,-0.894,-0.285,-55.356
XDA.XsDeviceId,1790006415.569491,6013,-130.304,-1.220,-57.452
XDA.XsDeviceId,1790006415.585340,6014,-0.896,-0.285,-55.354
XDA.XsDeviceId,1790006415.585345,6014,-137.084,-1.236,-56.008
XDA.XsDeviceId,1790006415.601098,6015,-0.895,-0.285,-55.354
XDA.XsDeviceId,1790006415.601105,6015,-144.499,-1.255,-55.152
XDA.XsDeviceId,1790006415.616978,6016,-0.895,-0.286,-55.353
XDA.XsDeviceId,1790006415.617003,6016,-152.142,-1.258,-55.405
XDA.XsDeviceId,1790006415.633026,6017,-0.895,-0.286,-55.354
XDA.XsDeviceId,1790006415.633033,6017,-161.362,-1.298,-57.241
XDA.XsDeviceId,1790006415.649187,6018,-0.896,-0.285,-55.353
XDA.XsDeviceId,1790006415.649194,6018,-176.947,-1.833,-59.354
XDA.XsDeviceId,1790006415.665190,6019,-0.896,-0.284,-55.353
XDA.XsDeviceId,1790006415.665195,6019,175.415,-1.083,-60.458
XDA.XsDeviceId,1790006415.680991,6020,-0.895,-0.284,-55.352
XDA.XsDeviceId,1790006415.680998,6020,172.529,-1.386,-61.717
XDA.XsDeviceId,1790006415.696734,6021,-0.896,-0.286,-55.351
XDA.XsDeviceId,1790006415.696748,6021,179.593,-1.746,-62.931
XDA.XsDeviceId,1790006415.712940,6022,-0.895,-0.286,-55.350
XDA.XsDeviceId,1790006415.712947,6022,179.706,-1.584,-62.953
XDA.XsDeviceId,1790006415.728914,6023,-0.895,-0.286,-55.349
XDA.XsDeviceId,1790006415.728921,6023,179.778,-1.728,-62.955
XDA.XsDeviceId,1790006415.744947,6024,-0.896,-0.287,-55.348
XDA.XsDeviceId,1790006415.744952,6024,179.879,-2.190,-62.802
XDA.XsDeviceId,1790006415.761021,6025,-0.895,-0.286,-55.348
XDA.XsDeviceId,1790006415.761035,6025,179.971,-2.446,-62.714
XDA.XsDeviceId,1790006415.777064,6026,-0.896,-0.286,-55.347
XDA.XsDeviceId,1790006415.777069,6026,-179.872,-2.232,-62.738
XDA.XsDeviceId,1790006415.793084,6027,-0.895,-0.286,-55.347
XDA.XsDeviceId,1790006415.793088,6027,-179.896,-2.293,-62.735
XDA.XsDeviceId,1790006415.809352,6028,-0.896,-0.286,-55.345
XDA.XsDeviceId,1790006415.809359,6028,-179.888,-2.284,-62.731
XDA.XsDeviceId,1790006415.825169,6029,-0.896,-0.285,-55.343
XDA.XsDeviceId,1790006415.825171,6029,-179.882,-2.278,-62.728
XDA.XsDeviceId,1790006415.841409,6030,-0.896,-0.288,-55.343
XDA.XsDeviceId,1790006415.841416,6030,-179.876,-2.278,-62.725
XDA.XsDeviceId,1790006415.857328,6031,-0.896,-0.286,-55.341
XDA.XsDeviceId,1790006415.857334,6031,-179.872,-2.275,-62.722
XDA.XsDeviceId,1790006415.873418,6032,-0.896,-0.288,-55.340
XDA.XsDeviceId,1790006415.873426,6032,-179.869,-2.274,-62.719
XDA.XsDeviceId,1790006415.889620,6033,-0.896,-0.289,-55.339
XDA.XsDeviceId,1790006415.889627,6033,-179.865,-2.274,-62.716
XDA.XsDeviceId,1790006415.905425,6034,-0.896,-0.289,-55.338
XDA.XsDeviceId,1790006415.921254,6034,-179.860,-2.273,-62.714
XDA.XsDeviceId,1790006415.937126,6035,-0.896,-0.290,-55.337
XDA.XsDeviceId,1790006415.937133,6035,-179.855,-2.270,-62.711
XDA.XsDeviceId,1790006415.953200,6036,-0.896,-0.290,-55.337
XDA.XsDeviceId,1790006415.953205,6036,-179.850,-2.270,-62.711
XDA.XsDeviceId,1790006415.969257,6037,-0.895,-0.290,-55.338
XDA.XsDeviceId,1790006415.969263,6037,-179.845,-2.266,-62.708
XDA.XsDeviceId,1790006415.985109,6038,-0.894,-0.292,-55.337
XDA.XsDeviceId,1790006415.985116,6038,-179.840,-2.265,-62.708
XDA.XsDeviceId,1790006416.001208,6039,-0.895,-0.291,-55.335
XDA.XsDeviceId,1790006416.001214,6039,-179.837,-2.263,-62.706
XDA.XsDeviceId,1790006416.017228,6040,-0.895,-0.291,-55.335
XDA.XsDeviceId,1790006416.017246,6040,-179.831,-2.263,-62.703
XDA.XsDeviceId,1790006416.033190,6041,-0.896,-0.290,-55.335
XDA.XsDeviceId,1790006416.033197,6041,-179.827,-2.262,-62.701
XDA.XsDeviceId,1790006416.049336,6042,-0.897,-0.290,-55.334
XDA.XsDeviceId,1790006416.049342,6042,-179.821,-2.260,-62.697
XDA.XsDeviceId,1790006416.065298,6043,-0.896,-0.291,-55.335
XDA.XsDeviceId,1790006416.065304,6043,-179.818,-2.258,-62.694
XDA.XsDeviceId,1790006416.081009,6044,-0.896,-0.293,-55.332
XDA.XsDeviceId,1790006416.081016,6044,-179.814,-2.257,-62.691
XDA.XsDeviceId,1790006416.096969,6045,-0.895,-0.291,-55.331
XDA.XsDeviceId,1790006416.096991,6045,-179.807,-2.253,-62.689
XDA.XsDeviceId,1790006416.113174,6046,-0.895,-0.293,-55.331
XDA.XsDeviceId,1790006416.113178,6046,-179.805,-2.253,-62.686
XDA.XsDeviceId,1790006416.129066,6047,-0.897,-0.292,-55.330
XDA.XsDeviceId,1790006416.129073,6047,-179.801,-2.252,-62.684
XDA.XsDeviceId,1790006416.144909,6048,-0.898,-0.293,-55.331
XDA.XsDeviceId,1790006416.144914,6048,-179.798,-2.251,-62.683
XDA.XsDeviceId,1790006416.160859,6049,-0.898,-0.292,-55.331
XDA.XsDeviceId,1790006416.160865,6049,-179.794,-2.250,-62.680
XDA.XsDeviceId,1790006416.176680,6050,-0.900,-0.292,-55.331
XDA.XsDeviceId,1790006416.176687,6050,-179.790,-2.248,-62.677
XDA.XsDeviceId,1790006416.192551,6051,-0.898,-0.294,-55.331
XDA.XsDeviceId,1790006416.192555,6051,-179.785,-2.246,-62.675
XDA.XsDeviceId,1790006416.208637,6052,-0.922,-0.283,-55.311
XDA.XsDeviceId,1790006416.208643,6052,-179.781,-2.245,-62.671
XDA.XsDeviceId,1790006416.224382,6053,-1.029,-0.252,-55.688
XDA.XsDeviceId,1790006416.224389,6053,-179.776,-2.244,-62.671
XDA.XsDeviceId,1790006416.240573,6054,-0.901,-0.285,-56.871
XDA.XsDeviceId,1790006416.240580,6054,-179.770,-2.242,-62.669
XDA.XsDeviceId,1790006416.256820,6055,-0.912,-0.330,-58.934
XDA.XsDeviceId,1790006416.256827,6055,-179.766,-2.240,-62.666
XDA.XsDeviceId,1790006416.272744,6056,-0.913,-0.332,-60.385
XDA.XsDeviceId,1790006416.272749,6056,-179.763,-2.239,-62.664
XDA.XsDeviceId,1790006416.288649,6057,-1.052,-0.356,-60.845
XDA.XsDeviceId,1790006416.304665,6057,-179.758,-2.238,-62.660
XDA.XsDeviceId,1790006416.314820,6058,-3.270,-0.366,-60.843
XDA.XsDeviceId,1790006416.314823,6058,-179.754,-2.238,-62.657
XDA.XsDeviceId,1790006416.330774,6059,-4.630,-0.395,-60.482
XDA.XsDeviceId,1790006416.330782,6059,-179.749,-2.236,-62.653
XDA.XsDeviceId,1790006416.346949,6060,-5.708,-0.366,-60.413
XDA.XsDeviceId,1790006416.346956,6060,-179.744,-2.233,-62.653
XDA.XsDeviceId,1790006416.362865,6061,-7.473,-0.353,-60.896
XDA.XsDeviceId,1790006416.362871,6061,-179.741,-2.233,-62.650
XDA.XsDeviceId,1790006416.378931,6062,-10.875,-0.434,-61.464
XDA.XsDeviceId,1790006416.378937,6062,-179.738,-2.231,-62.648
XDA.XsDeviceId,1790006416.394521,6063,-15.486,-0.508,-62.306
XDA.XsDeviceId,1790006416.394525,6063,-179.733,-2.231,-62.645
XDA.XsDeviceId,1790006416.410458,6064,-20.115,-0.417,-62.368
XDA.XsDeviceId,1790006416.410464,6064,-179.730,-2.228,-62.642
XDA.XsDeviceId,1790006416.426364,6065,-25.540,-0.447,-61.296
XDA.XsDeviceId,1790006416.426369,6065,-179.726,-2.226,-62.639
XDA.XsDeviceId,1790006416.442559,6066,-33.949,-0.491,-59.419
XDA.XsDeviceId,1790006416.442564,6066,-179.722,-2.225,-62.636
XDA.XsDeviceId,1790006416.458644,6067,-46.624,-0.543,-56.771
XDA.XsDeviceId,1790006416.458648,6067,-179.717,-2.224,-62.633
XDA.XsDeviceId,1790006416.474841,6068,-63.796,-0.623,-54.883
XDA.XsDeviceId,1790006416.474845,6068,-179.713,-2.223,-62.630
XDA.XsDeviceId,1790006416.490662,6069,-83.153,-0.728,-54.151
XDA.XsDeviceId,1790006416.490669,6069,-179.710,-2.220,-62.628
XDA.XsDeviceId,1790006416.506510,6070,-94.733,-0.413,-51.457
XDA.XsDeviceId,1790006416.506517,6070,-179.705,-2.219,-62.625
XDA.XsDeviceId,1790006416.522333,6071,-97.210,-0.118,-49.264
XDA.XsDeviceId,1790006416.522340,6071,-179.701,-2.218,-62.623
XDA.XsDeviceId,1790006416.554233,6072,-97.718,-1.145,-49.554
XDA.XsDeviceId,1790006416.554238,6072,-179.697,-2.216,-62.622
XDA.XsDeviceId,1790006416.570068,6073,-98.568,-0.533,-49.407
XDA.XsDeviceId,1790006416.570089,6073,-179.694,-2.214,-62.619
XDA.XsDeviceId,1790006416.586148,6074,-99.294,-0.476,-48.673
XDA.XsDeviceId,1790006416.586154,6074,-179.691,-2.213,-62.616
XDA.XsDeviceId,1790006416.602087,6075,-100.127,-0.480,-48.612
XDA.XsDeviceId,1790006416.602095,6075,-179.685,-2.211,-62.613
XDA.XsDeviceId,1790006416.618191,6076,-101.608,-0.484,-48.617
XDA.XsDeviceId,1790006416.618196,6076,-179.683,-2.208,-62.612
XDA.XsDeviceId,1790006416.634342,6077,-103.126,-0.501,-48.977
XDA.XsDeviceId,1790006416.634345,6077,-179.680,-2.207,-62.610
XDA.XsDeviceId,1790006416.650258,6078,-103.098,-0.499,-49.269
XDA.XsDeviceId,1790006416.650265,6078,-179.676,-2.205,-62.608
XDA.XsDeviceId,1790006416.666140,6079,-102.003,-0.504,-49.981
XDA.XsDeviceId,1790006416.666143,6079,-179.673,-2.204,-62.605
XDA.XsDeviceId,1790006416.682095,6080,-99.815,-0.499,-51.720
XDA.XsDeviceId,1790006416.682109,6080,-179.668,-2.202,-62.601
XDA.XsDeviceId,1790006416.698360,6081,-94.921,-0.473,-52.578
XDA.XsDeviceId,1790006416.698366,6081,-179.664,-2.199,-62.599
XDA.XsDeviceId,1790006416.714453,6082,-93.489,-0.435,-51.537
XDA.XsDeviceId,1790006416.714458,6082,-179.661,-2.198,-62.597
XDA.XsDeviceId,1790006416.730465,6083,-92.926,-0.325,-50.063
XDA.XsDeviceId,1790006416.730470,6083,-179.657,-2.197,-62.597
XDA.XsDeviceId,1790006416.746377,6084,-92.568,-0.309,-48.887
XDA.XsDeviceId,1790006416.746429,6084,-179.654,-2.194,-62.593
XDA.XsDeviceId,1790006416.762183,6085,-93.426,-0.366,-47.648
XDA.XsDeviceId,1790006416.762188,6085,-179.650,-2.193,-62.592
XDA.XsDeviceId,1790006416.778479,6086,-95.100,-0.466,-48.522
XDA.XsDeviceId,1790006416.778485,6086,-179.647,-2.191,-62.587
XDA.XsDeviceId,1790006416.794261,6087,-100.243,-1.468,-50.884
XDA.XsDeviceId,1790006416.794301,6087,-179.644,-2.189,-62.585
XDA.XsDeviceId,1790006416.810332,6088,-107.806,-5.618,-50.388
XDA.XsDeviceId,1790006416.810338,6088,-179.640,-2.188,-62.582
XDA.XsDeviceId,1790006416.826007,6089,-115.339,-10.136,-48.399
XDA.XsDeviceId,1790006416.826013,6089,-179.638,-2.186,-62.579
XDA.XsDeviceId,1790006416.841827,6090,-120.168,-12.704,-46.626
XDA.XsDeviceId,1790006416.841830,6090,-179.633,-2.185,-62.579
XDA.XsDeviceId,1790006416.857742,6091,-122.647,-12.926,-44.680
XDA.XsDeviceId,1790006416.857747,6091,-179.631,-2.182,-62.576
XDA.XsDeviceId,1790006416.873840,6092,-123.674,-11.555,-42.782
XDA.XsDeviceId,1790006416.873846,6092,-179.628,-2.181,-62.573
XDA.XsDeviceId,1790006416.889706,6093,-124.173,-10.837,-41.488
XDA.XsDeviceId,1790006416.889713,6093,-179.624,-2.181,-62.571
XDA.XsDeviceId,1790006416.905748,6094,-124.005,-11.044,-41.592
XDA.XsDeviceId,1790006416.905754,6094,-179.620,-2.181,-62.568
XDA.XsDeviceId,1790006416.921841,6095,-123.604,-10.979,-43.385
XDA.XsDeviceId,1790006416.937963,6095,-179.618,-2.179,-62.564
XDA.XsDeviceId,1790006416.954109,6096,-124.122,-8.936,-47.656
XDA.XsDeviceId,1790006416.954111,6096,-179.614,-2.178,-62.562
XDA.XsDeviceId,1790006416.970055,6097,-126.344,-5.243,-53.648
XDA.XsDeviceId,1790006416.970057,6097,-179.610,-2.177,-62.560
XDA.XsDeviceId,1790006416.985950,6098,-128.371,-3.199,-59.173
XDA.XsDeviceId,1790006416.985970,6098,-179.607,-2.176,-62.557
XDA.XsDeviceId,1790006417.001700,6099,-129.490,-3.147,-63.170
XDA.XsDeviceId,1790006417.001705,6099,-179.603,-2.174,-62.554
XDA.XsDeviceId,1790006417.017599,6100,-130.682,-4.158,-66.368
XDA.XsDeviceId,1790006417.017616,6100,-179.600,-2.171,-62.551
XDA.XsDeviceId,1790006417.033687,6101,-132.534,-4.964,-68.311
XDA.XsDeviceId,1790006417.033691,6101,-179.595,-2.169,-62.549
XDA.XsDeviceId,1790006417.049879,6102,-133.537,-4.565,-68.499
XDA.XsDeviceId,1790006417.049887,6102,-179.590,-2.167,-62.547
XDA.XsDeviceId,1790006417.066001,6103,-134.291,-3.180,-67.520
XDA.XsDeviceId,1790006417.066007,6103,-179.589,-2.166,-62.542
XDA.XsDeviceId,1790006417.081733,6104,-134.751,-1.404,-66.006
XDA.XsDeviceId,1790006417.081740,6104,-179.586,-2.164,-62.540
XDA.XsDeviceId,1790006417.097532,6105,-136.971,-0.648,-64.713
XDA.XsDeviceId,1790006417.097536,6105,-179.581,-2.162,-62.537
XDA.XsDeviceId,1790006417.113371,6106,-141.456,-0.652,-64.022
XDA.XsDeviceId,1790006417.113378,6106,-179.578,-2.161,-62.535
XDA.XsDeviceId,1790006417.129549,6107,-147.400,-0.632,-63.508
XDA.XsDeviceId,1790006417.129556,6107,-179.574,-2.159,-62.533
XDA.XsDeviceId,1790006417.145638,6108,-154.988,-0.657,-63.008
XDA.XsDeviceId,1790006417.145644,6108,-179.571,-2.157,-62.532
XDA.XsDeviceId,1790006417.161787,6109,-164.737,-0.651,-62.690
XDA.XsDeviceId,1790006417.161792,6109,-179.568,-2.155,-62.529
XDA.XsDeviceId,1790006417.177823,6110,179.648,-1.274,-62.083
XDA.XsDeviceId,1790006417.177828,6110,-179.563,-2.156,-62.526
XDA.XsDeviceId,1790006417.193921,6111,-178.389,-0.870,-61.883
XDA.XsDeviceId,1790006417.193929,6111,-179.561,-2.153,-62.523
XDA.XsDeviceId,1790006417.209960,6112,-178.724,-1.012,-62.009
XDA.XsDeviceId,1790006417.209966,6112,-179.557,-2.152,-62.519
XDA.XsDeviceId,1790006417.225887,6113,-179.122,-1.083,-61.902
XDA.XsDeviceId,1790006417.225892,6113,-179.555,-2.148,-62.517
XDA.XsDeviceId,1790006417.241758,6114,-179.519,-1.135,-61.782
XDA.XsDeviceId,1790006417.241763,6114,-179.550,-2.147,-62.514
XDA.XsDeviceId,1790006417.257533,6115,-179.800,-1.388,-61.677
XDA.XsDeviceId,1790006417.257538,6115,-179.545,-2.147,-62.510
XDA.XsDeviceId,1790006417.273412,6116,-179.941,-1.787,-61.782
XDA.XsDeviceId,1790006417.273425,6116,-179.542,-2.145,-62.508
XDA.XsDeviceId,1790006417.289326,6117,179.882,-1.329,-61.726
XDA.XsDeviceId,1790006417.289331,6117,-179.538,-2.144,-62.508
XDA.XsDeviceId,1790006417.305532,6118,179.889,-1.421,-61.727
XDA.XsDeviceId,1790006417.321317,6118,-179.536,-2.142,-62.505
XDA.XsDeviceId,1790006417.337388,6119,179.886,-1.383,-61.728
XDA.XsDeviceId,1790006417.337391,6119,-179.533,-2.139,-62.501
XDA.XsDeviceId,1790006417.353545,6120,179.884,-1.389,-61.724
XDA.XsDeviceId,1790006417.353649,6120,-179.528,-2.137,-62.497
XDA.XsDeviceId,1790006417.369615,6121,179.882,-1.390,-61.719
XDA.XsDeviceId,1790006417.369621,6121,-179.527,-2.137,-62.495
XDA.XsDeviceId,1790006417.385731,6122,179.881,-1.388,-61.716
XDA.XsDeviceId,1790006417.385736,6122,-179.524,-2.135,-62.491
XDA.XsDeviceId,1790006417.401793,6123,179.884,-1.386,-61.711
XDA.XsDeviceId,1790006417.401798,6123,-179.520,-2.134,-62.488
XDA.XsDeviceId,1790006417.417857,6124,179.883,-1.384,-61.709
XDA.XsDeviceId,1790006417.417863,6124,-179.518,-2.132,-62.486
XDA.XsDeviceId,1790006417.434089,6125,179.884,-1.382,-61.707
XDA.XsDeviceId,1790006417.434095,6125,-179.515,-2.131,-62.485
XDA.XsDeviceId,1790006417.449785,6126,179.885,-1.378,-61.702
XDA.XsDeviceId,1790006417.449790,6126,-179.512,-2.133,-62.484
XDA.XsDeviceId,1790006417.465887,6127,179.887,-1.376,-61.699
XDA.XsDeviceId,1790006417.465889,6127,-179.510,-2.131,-62.480
XDA.XsDeviceId,1790006417.481992,6128,179.887,-1.375,-61.694
XDA.XsDeviceId,1790006417.481999,6128,-179.506,-2.130,-62.479
XDA.XsDeviceId,1790006417.497912,6129,179.887,-1.373,-61.692
XDA.XsDeviceId,1790006417.497920,6129,-179.505,-2.129,-62.476
XDA.XsDeviceId,1790006417.513729,6130,179.887,-1.370,-61.689
XDA.XsDeviceId,1790006417.513734,6130,-179.502,-2.128,-62.472
XDA.XsDeviceId,1790006417.529872,6131,179.887,-1.367,-61.686
XDA.XsDeviceId,1790006417.529881,6131,-179.498,-2.127,-62.469
XDA.XsDeviceId,1790006417.545710,6132,179.887,-1.365,-61.681
XDA.XsDeviceId,1790006417.545717,6132,-179.494,-2.125,-62.468
XDA.XsDeviceId,1790006417.561612,6133,179.887,-1.363,-61.679
XDA.XsDeviceId,1790006417.561618,6133,-179.491,-2.122,-62.464
XDA.XsDeviceId,1790006417.577512,6134,179.888,-1.361,-61.674
XDA.XsDeviceId,1790006417.577518,6134,-179.489,-2.121,-62.462
XDA.XsDeviceId,1790006417.593682,6135,179.890,-1.359,-61.671
XDA.XsDeviceId,1790006417.593715,6135,-179.487,-2.117,-62.459
XDA.XsDeviceId,1790006417.609694,6136,179.891,-1.357,-61.667
XDA.XsDeviceId,1790006417.609703,6136,-179.484,-2.115,-62.455
XDA.XsDeviceId,1790006417.625763,6137,179.892,-1.355,-61.662
XDA.XsDeviceId,1790006417.625768,6137,-179.480,-2.114,-62.452
XDA.XsDeviceId,1790006417.641521,6138,179.894,-1.353,-61.659
XDA.XsDeviceId,1790006417.641526,6138,-179.478,-2.112,-62.450
XDA.XsDeviceId,1790006417.657392,6139,179.896,-1.351,-61.656
XDA.XsDeviceId,1790006417.657397,6139,-179.475,-2.109,-62.448
XDA.XsDeviceId,1790006417.673390,6140,179.895,-1.347,-61.652
XDA.XsDeviceId,1790006417.673394,6140,-179.472,-2.109,-62.444
XDA.XsDeviceId,1790006417.689248,6141,179.898,-1.345,-61.649
XDA.XsDeviceId,1790006417.689252,6141,-179.470,-2.108,-62.442
XDA.XsDeviceId,1790006417.705397,6142,179.899,-1.345,-61.647
XDA.XsDeviceId,1790006417.705403,6142,-179.468,-2.107,-62.439
XDA.XsDeviceId,1790006417.737190,6143,179.898,-1.342,-61.645
XDA.XsDeviceId,1790006417.737196,6143,-179.467,-2.105,-62.436
XDA.XsDeviceId,1790006417.753327,6144,179.900,-1.340,-61.641
XDA.XsDeviceId,1790006417.753334,6144,-179.464,-2.104,-62.434
XDA.XsDeviceId,1790006417.769364,6145,179.901,-1.338,-61.638
XDA.XsDeviceId,1790006417.769370,6145,-179.462,-2.104,-62.431
XDA.XsDeviceId,1790006417.785303,6146,179.902,-1.336,-61.635
XDA.XsDeviceId,1790006417.785309,6146,-179.459,-2.102,-62.427
XDA.XsDeviceId,1790006417.801224,6147,179.904,-1.334,-61.632
XDA.XsDeviceId,1790006417.801231,6147,-179.456,-2.101,-62.424
XDA.XsDeviceId,1790006417.817374,6148,179.904,-1.332,-61.628
XDA.XsDeviceId,1790006417.817380,6148,-179.455,-2.098,-62.423
XDA.XsDeviceId,1790006417.833379,6149,179.906,-1.328,-61.625
XDA.XsDeviceId,1790006417.833385,6149,-179.454,-2.099,-62.419
XDA.XsDeviceId,1790006417.849455,6150,179.908,-1.326,-61.621
XDA.XsDeviceId,1790006417.849458,6150,-179.450,-2.096,-62.418
XDA.XsDeviceId,1790006417.865609,6151,179.908,-1.324,-61.618
XDA.XsDeviceId,1790006417.865615,6151,-179.449,-2.095,-62.414
XDA.XsDeviceId,1790006417.881542,6152,179.908,-1.321,-61.614
XDA.XsDeviceId,1790006417.881557,6152,-179.447,-2.094,-62.412
XDA.XsDeviceId,1790006417.897557,6153,179.909,-1.319,-61.609
XDA.XsDeviceId,1790006417.897560,6153,-179.444,-2.093,-62.409
XDA.XsDeviceId,1790006417.913322,6154,179.910,-1.316,-61.606
XDA.XsDeviceId,1790006417.913325,6154,-179.442,-2.093,-62.406
XDA.XsDeviceId,1790006417.929582,6155,179.913,-1.314,-61.602
XDA.XsDeviceId,1790006417.929587,6155,-179.440,-2.092,-62.403
XDA.XsDeviceId,1790006417.945280,6156,179.912,-1.312,-61.598
XDA.XsDeviceId,1790006417.945287,6156,-179.437,-2.092,-62.401
XDA.XsDeviceId,1790006417.961308,6157,179.914,-1.309,-61.594
XDA.XsDeviceId,1790006417.961313,6157,-179.435,-2.090,-62.398
XDA.XsDeviceId,1790006417.977490,6158,179.916,-1.308,-61.592
XDA.XsDeviceId,1790006417.977495,6158,-179.434,-2.089,-62.394
XDA.XsDeviceId,1790006417.993460,6159,179.917,-1.305,-61.587
XDA.XsDeviceId,1790006417.993467,6159,-179.432,-2.089,-62.391
XDA.XsDeviceId,1790006418.009413,6160,179.918,-1.303,-61.582
XDA.XsDeviceId,1790006418.009418,6160,-179.429,-2.087,-62.388
XDA.XsDeviceId,1790006418.025449,6161,179.919,-1.301,-61.579
XDA.XsDeviceId,1790006418.025455,6161,-179.427,-2.086,-62.384
XDA.XsDeviceId,1790006418.041469,6162,179.920,-1.297,-61.575
XDA.XsDeviceId,1790006418.041474,6162,-179.425,-2.084,-62.381
XDA.XsDeviceId,1790006418.057625,6163,179.922,-1.295,-61.572
XDA.XsDeviceId,1790006418.057628,6163,-179.422,-2.083,-62.378
XDA.XsDeviceId,1790006418.073793,6164,-179.899,-1.242,-61.581
XDA.XsDeviceId,1790006418.073798,6164,-179.419,-2.081,-62.377
XDA.XsDeviceId,1790006418.090068,6165,-179.799,-1.157,-61.584
XDA.XsDeviceId,1790006418.090074,6165,-179.418,-2.080,-62.373
XDA.XsDeviceId,1790006418.105944,6166,-179.835,-1.165,-61.576
XDA.XsDeviceId,1790006418.105950,6166,-179.417,-2.078,-62.372
XDA.XsDeviceId,1790006418.121723,6167,-179.836,-1.171,-61.569
XDA.XsDeviceId,1790006418.137615,6167,-179.414,-2.077,-62.369
XDA.XsDeviceId,1790006418.153400,6168,-179.845,-1.184,-61.565
XDA.XsDeviceId,1790006418.153404,6168,-179.412,-2.077,-62.366
XDA.XsDeviceId,1790006418.169478,6169,-179.646,-1.257,-61.587
XDA.XsDeviceId,1790006418.169486,6169,-179.410,-2.075,-62.362
XDA.XsDeviceId,1790006418.185270,6170,-178.469,-1.598,-61.626
XDA.XsDeviceId,1790006418.185277,6170,-179.406,-2.076,-62.359
XDA.XsDeviceId,1790006418.201396,6171,-178.398,-1.588,-61.665
XDA.XsDeviceId,1790006418.201402,6171,-179.405,-2.075,-62.356
XDA.XsDeviceId,1790006418.217357,6172,-178.115,-1.572,-62.281
XDA.XsDeviceId,1790006418.217361,6172,-179.403,-2.074,-62.353
XDA.XsDeviceId,1790006418.233216,6173,-177.479,-1.437,-63.070
XDA.XsDeviceId,1790006418.233219,6173,-179.400,-2.072,-62.350
XDA.XsDeviceId,1790006418.249072,6174,-177.437,-1.399,-63.865
XDA.XsDeviceId,1790006418.249075,6174,-179.398,-2.073,-62.348
XDA.XsDeviceId,1790006418.265024,6175,-177.808,-1.426,-64.478
XDA.XsDeviceId,1790006418.265026,6175,-179.396,-2.071,-62.344
XDA.XsDeviceId,1790006418.280778,6176,-178.674,-1.420,-64.782
XDA.XsDeviceId,1790006418.280784,6176,-179.394,-2.070,-62.341
XDA.XsDeviceId,1790006418.297074,6177,179.991,-1.448,-64.551
XDA.XsDeviceId,1790006418.297082,6177,-179.391,-2.069,-62.339
XDA.XsDeviceId,1790006418.313251,6178,178.440,-1.479,-64.028
XDA.XsDeviceId,1790006418.313256,6178,-179.390,-2.069,-62.335
XDA.XsDeviceId,1790006418.328746,6179,176.968,-1.466,-62.961
XDA.XsDeviceId,1790006418.328748,6179,-179.389,-2.068,-62.334
XDA.XsDeviceId,1790006418.344777,6180,174.458,-1.224,-62.030
XDA.XsDeviceId,1790006418.344783,6180,-179.388,-2.067,-62.330
XDA.XsDeviceId,1790006418.348084,6181,171.425,-0.927,-61.343
XDA.XsDeviceId,1790006418.348091,6181,-179.387,-2.066,-62.329
XDA.XsDeviceId,1790006418.380023,6182,168.216,-0.703,-61.122
XDA.XsDeviceId,1790006418.380030,6182,-179.385,-2.063,-62.325
XDA.XsDeviceId,1790006418.395700,6183,164.850,-0.583,-60.917
XDA.XsDeviceId,1790006418.395702,6183,-179.383,-2.063,-62.324
XDA.XsDeviceId,1790006418.411899,6184,161.206,-0.572,-60.494
XDA.XsDeviceId,1790006418.411907,6184,-179.381,-2.063,-62.322
XDA.XsDeviceId,1790006418.427786,6185,157.345,-0.558,-60.130
XDA.XsDeviceId,1790006418.427852,6185,-179.380,-2.062,-62.319
XDA.XsDeviceId,1790006418.444058,6186,153.655,-0.538,-59.294
XDA.XsDeviceId,1790006418.444062,6186,-179.379,-2.061,-62.316
XDA.XsDeviceId,1790006418.460126,6187,150.382,-0.536,-58.541
XDA.XsDeviceId,1790006418.460132,6187,-179.380,-2.059,-62.314
XDA.XsDeviceId,1790006418.475843,6188,147.375,-0.530,-57.699
XDA.XsDeviceId,1790006418.475860,6188,-179.378,-2.058,-62.308
XDA.XsDeviceId,1790006418.491932,6189,144.558,-0.529,-55.931
XDA.XsDeviceId,1790006418.491940,6189,-179.377,-2.058,-62.306
XDA.XsDeviceId,1790006418.507946,6190,141.997,-0.484,-54.245
XDA.XsDeviceId,1790006418.507950,6190,-179.375,-2.057,-62.304
XDA.XsDeviceId,1790006418.523944,6191,139.662,-0.455,-53.523
XDA.XsDeviceId,1790006418.523950,6191,-179.375,-2.056,-62.301
XDA.XsDeviceId,1790006418.540036,6192,137.232,-0.482,-53.500
XDA.XsDeviceId,1790006418.540043,6192,-179.373,-2.054,-62.298
XDA.XsDeviceId,1790006418.556196,6193,133.679,-0.471,-53.412
XDA.XsDeviceId,1790006418.556202,6193,-179.372,-2.053,-62.295
XDA.XsDeviceId,1790006418.572113,6194,128.266,-0.459,-52.707
XDA.XsDeviceId,1790006418.572120,6194,-179.371,-2.052,-62.292
XDA.XsDeviceId,1790006418.603820,6195,120.362,-0.422,-52.062
XDA.XsDeviceId,1790006418.603824,6195,-179.372,-2.053,-62.290
XDA.XsDeviceId,1790006418.619835,6196,107.446,-0.360,-52.290
XDA.XsDeviceId,1790006418.619843,6196,-179.370,-2.052,-62.287
XDA.XsDeviceId,1790006418.635714,6197,91.186,-0.076,-55.499
XDA.XsDeviceId,1790006418.635717,6197,-179.368,-2.051,-62.281
XDA.XsDeviceId,1790006418.651764,6198,89.487,0.795,-57.414
XDA.XsDeviceId,1790006418.651767,6198,-179.368,-2.051,-62.280
XDA.XsDeviceId,1790006418.667812,6199,88.302,0.355,-57.478
XDA.XsDeviceId,1790006418.667831,6199,-179.368,-2.050,-62.277
XDA.XsDeviceId,1790006418.683770,6200,88.559,-0.053,-57.632
XDA.XsDeviceId,1790006418.683776,6200,-179.366,-2.048,-62.274
XDA.XsDeviceId,1790006418.700098,6201,89.290,-0.147,-57.551
XDA.XsDeviceId,1790006418.700104,6201,-179.365,-2.046,-62.273
XDA.XsDeviceId,1790006418.716060,6202,90.242,-0.164,-57.451
XDA.XsDeviceId,1790006418.716067,6202,-179.365,-2.047,-62.271
XDA.XsDeviceId,1790006418.732182,6203,91.731,-0.282,-57.445
XDA.XsDeviceId,1790006418.732264,6203,-179.364,-2.046,-62.269
XDA.XsDeviceId,1790006418.748376,6204,92.245,-0.287,-57.349
XDA.XsDeviceId,1790006418.748381,6204,-179.363,-2.046,-62.266
XDA.XsDeviceId,1790006418.764329,6205,89.958,-0.164,-58.558
XDA.XsDeviceId,1790006418.764336,6205,-179.361,-2.045,-62.262
XDA.XsDeviceId,1790006418.780604,6206,87.215,0.005,-60.486
XDA.XsDeviceId,1790006418.780626,6206,-179.360,-2.044,-62.260
XDA.XsDeviceId,1790006418.796295,6207,84.652,0.014,-61.336
XDA.XsDeviceId,1790006418.796302,6207,-179.360,-2.043,-62.257
XDA.XsDeviceId,1790006418.812247,6208,82.614,0.024,-60.637
XDA.XsDeviceId,1790006418.812254,6208,-179.359,-2.043,-62.254
XDA.XsDeviceId,1790006418.828428,6209,80.727,0.028,-59.704
XDA.XsDeviceId,1790006418.828434,6209,-179.359,-2.042,-62.252
XDA.XsDeviceId,1790006418.844451,6210,78.673,0.054,-59.192
XDA.XsDeviceId,1790006418.844459,6210,-179.358,-2.042,-62.251
XDA.XsDeviceId,1790006418.860663,6211,76.614,0.087,-58.923
XDA.XsDeviceId,1790006418.860669,6211,-179.358,-2.040,-62.248
XDA.XsDeviceId,1790006418.876650,6212,74.467,0.095,-58.506
XDA.XsDeviceId,1790006418.876656,6212,-179.358,-2.038,-62.245
XDA.XsDeviceId,1790006418.892510,6213,71.640,0.094,-58.198
XDA.XsDeviceId,1790006418.892515,6213,-179.358,-2.037,-62.244
XDA.XsDeviceId,1790006418.908563,6214,68.664,0.077,-58.164
XDA.XsDeviceId,1790006418.908571,6214,-179.356,-2.034,-62.241
XDA.XsDeviceId,1790006418.924408,6215,65.760,0.073,-58.240
XDA.XsDeviceId,1790006418.924417,6215,-179.355,-2.032,-62.240
XDA.XsDeviceId,1790006418.940430,6216,62.664,0.069,-58.427
XDA.XsDeviceId,1790006418.940436,6216,-179.356,-2.030,-62.238
XDA.XsDeviceId,1790006418.956524,6217,59.067,0.103,-58.353
XDA.XsDeviceId,1790006418.956530,6217,-179.355,-2.030,-62.235
XDA.XsDeviceId,1790006418.972315,6218,54.777,0.146,-58.287
XDA.XsDeviceId,1790006418.972320,6218,-179.355,-2.028,-62.233
XDA.XsDeviceId,1790006418.988454,6219,49.521,0.154,-57.577
XDA.XsDeviceId,1790006419.004218,6219,-179.354,-2.028,-62.230
XDA.XsDeviceId,1790006419.020155,6220,42.855,0.149,-55.629
XDA.XsDeviceId,1790006419.020162,6220,-179.356,-2.026,-62.227
XDA.XsDeviceId,1790006419.036047,6221,34.540,0.110,-53.021
XDA.XsDeviceId,1790006419.036052,6221,-179.355,-2.026,-62.226
XDA.XsDeviceId,1790006419.051795,6222,24.635,0.095,-51.566
XDA.XsDeviceId,1790006419.051802,6222,-179.355,-2.023,-62.222
XDA.XsDeviceId,1790006419.067556,6223,18.730,0.147,-51.026
XDA.XsDeviceId,1790006419.067559,6223,-179.353,-2.024,-62.219
XDA.XsDeviceId,1790006419.083742,6224,14.213,-0.611,-50.401
XDA.XsDeviceId,1790006419.083749,6224,-179.353,-2.024,-62.216
XDA.XsDeviceId,1790006419.099925,6225,7.032,-0.334,-50.635
XDA.XsDeviceId,1790006419.099934,6225,-179.354,-2.023,-62.214
XDA.XsDeviceId,1790006419.115916,6226,1.151,0.142,-50.694
XDA.XsDeviceId,1790006419.115924,6226,-179.349,-2.023,-62.212
XDA.XsDeviceId,1790006419.131879,6227,-0.036,-0.094,-51.101
XDA.XsDeviceId,1790006419.131882,6227,-179.349,-2.022,-62.210
XDA.XsDeviceId,1790006419.147568,6228,-0.028,-0.096,-51.040
XDA.XsDeviceId,1790006419.147571,6228,-179.349,-2.021,-62.207
XDA.XsDeviceId,1790006419.163784,6229,-0.027,-0.092,-51.007
XDA.XsDeviceId,1790006419.163791,6229,-179.349,-2.022,-62.205
XDA.XsDeviceId,1790006419.179913,6230,-0.022,-0.093,-51.005
XDA.XsDeviceId,1790006419.179919,6230,-179.350,-2.022,-62.203
XDA.XsDeviceId,1790006419.195670,6231,-0.020,-0.094,-51.001
XDA.XsDeviceId,1790006419.195676,6231,-179.352,-2.020,-62.200
XDA.XsDeviceId,1790006419.211690,6232,-0.019,-0.091,-50.995
XDA.XsDeviceId,1790006419.211693,6232,-179.353,-2.019,-62.197
XDA.XsDeviceId,1790006419.227554,6233,-0.019,-0.090,-50.992
XDA.XsDeviceId,1790006419.227558,6233,-179.352,-2.019,-62.193
XDA.XsDeviceId,1790006419.243538,6234,-0.019,-0.088,-50.989
XDA.XsDeviceId,1790006419.243543,6234,-179.352,-2.018,-62.191
XDA.XsDeviceId,1790006419.259721,6235,-0.018,-0.087,-50.984
XDA.XsDeviceId,1790006419.259730,6235,-179.352,-2.016,-62.189
XDA.XsDeviceId,1790006419.275490,6236,-0.016,-0.087,-50.981
XDA.XsDeviceId,1790006419.275497,6236,-179.353,-2.016,-62.186
XDA.XsDeviceId,1790006419.291598,6237,-0.018,-0.085,-50.976
XDA.XsDeviceId,1790006419.291605,6237,-179.354,-2.016,-62.184
XDA.XsDeviceId,1790006419.307844,6238,-0.015,-0.083,-50.974
XDA.XsDeviceId,1790006419.307850,6238,-179.354,-2.014,-62.180
XDA.XsDeviceId,1790006419.323613,6239,-0.016,-0.083,-50.969
XDA.XsDeviceId,1790006419.323619,6239,-179.353,-2.014,-62.177
XDA.XsDeviceId,1790006419.339671,6240,-0.014,-0.080,-50.963
XDA.XsDeviceId,1790006419.339679,6240,-179.353,-2.011,-62.174
XDA.XsDeviceId,1790006419.355252,6241,-0.015,-0.078,-50.959
XDA.XsDeviceId,1790006419.355258,6241,-179.354,-2.011,-62.172
XDA.XsDeviceId,1790006419.397356,6242,-0.016,-0.077,-50.957
XDA.XsDeviceId,1790006419.397361,6242,-179.354,-2.010,-62.170
XDA.XsDeviceId,1790006419.413583,6243,-0.015,-0.075,-50.952
XDA.XsDeviceId,1790006419.413592,6243,-179.355,-2.010,-62.167
XDA.XsDeviceId,1790006419.429564,6244,-0.012,-0.075,-50.948
XDA.XsDeviceId,1790006419.429570,6244,-179.355,-2.008,-62.163
XDA.XsDeviceId,1790006419.445713,6245,-0.012,-0.072,-50.944
XDA.XsDeviceId,1790006419.445719,6245,-179.356,-2.009,-62.163
XDA.XsDeviceId,1790006419.461368,6246,-0.013,-0.072,-50.939
XDA.XsDeviceId,1790006419.461375,6246,-179.355,-2.008,-62.159
XDA.XsDeviceId,1790006419.477395,6247,-0.012,-0.070,-50.936
XDA.XsDeviceId,1790006419.477403,6247,-179.354,-2.007,-62.155
XDA.XsDeviceId,1790006419.493191,6248,-0.012,-0.070,-50.933
XDA.XsDeviceId,1790006419.493199,6248,-179.355,-2.006,-62.153
XDA.XsDeviceId,1790006419.509174,6249,-0.011,-0.068,-50.930
XDA.XsDeviceId,1790006419.509179,6249,-179.354,-2.006,-62.149
XDA.XsDeviceId,1790006419.525428,6250,-0.011,-0.067,-50.926
XDA.XsDeviceId,1790006419.525444,6250,178.228,-1.880,-62.702
XDA.XsDeviceId,1790006419.541514,6251,-0.013,-0.067,-50.924
XDA.XsDeviceId,1790006419.541520,6251,178.970,-1.789,-62.466
XDA.XsDeviceId,1790006419.557742,6252,-0.008,-0.066,-50.921
XDA.XsDeviceId,1790006419.557749,6252,179.140,-1.856,-61.395
XDA.XsDeviceId,1790006419.573680,6253,-0.010,-0.063,-50.916
XDA.XsDeviceId,1790006419.573687,6253,179.136,-1.936,-59.785
XDA.XsDeviceId,1790006419.589416,6254,-0.008,-0.060,-50.914
XDA.XsDeviceId,1790006419.589423,6254,179.149,-1.990,-57.650
XDA.XsDeviceId,1790006419.605436,6255,-0.006,-0.060,-50.910
XDA.XsDeviceId,1790006419.605444,6255,178.934,-2.017,-55.779
XDA.XsDeviceId,1790006419.621472,6256,-0.006,-0.059,-50.906
XDA.XsDeviceId,1790006419.621478,6256,177.985,-1.921,-56.767
XDA.XsDeviceId,1790006419.637352,6257,-0.006,-0.056,-50.901
XDA.XsDeviceId,1790006419.637357,6257,177.580,-1.821,-58.384
XDA.XsDeviceId,1790006419.653394,6258,-0.005,-0.055,-50.898
XDA.XsDeviceId,1790006419.653402,6258,177.341,-1.740,-59.528
XDA.XsDeviceId,1790006419.669342,6259,-0.006,-0.053,-50.895
XDA.XsDeviceId,1790006419.669345,6259,176.852,-1.629,-59.977
XDA.XsDeviceId,1790006419.685059,6260,-0.003,-0.051,-50.889
XDA.XsDeviceId,1790006419.685068,6260,175.689,-1.468,-60.031
XDA.XsDeviceId,1790006419.701210,6261,-0.003,-0.049,-50.886
XDA.XsDeviceId,1790006419.701216,6261,173.344,-1.182,-59.185
XDA.XsDeviceId,1790006419.717332,6262,-0.003,-0.049,-50.880
XDA.XsDeviceId,1790006419.717339,6262,169.723,-0.938,-57.362
XDA.XsDeviceId,1790006419.733394,6263,-0.002,-0.047,-50.877
XDA.XsDeviceId,1790006419.733402,6263,165.056,-0.987,-54.263
XDA.XsDeviceId,1790006419.749384,6264,-0.003,-0.044,-50.873
XDA.XsDeviceId,1790006419.749390,6264,158.697,-1.019,-51.353
XDA.XsDeviceId,1790006419.765344,6265,-0.003,-0.043,-50.867
XDA.XsDeviceId,1790006419.765351,6265,148.836,-1.053,-48.562
XDA.XsDeviceId,1790006419.781588,6266,-0.001,-0.040,-50.864
XDA.XsDeviceId,1790006419.781594,6266,135.321,-1.036,-47.481
XDA.XsDeviceId,1790006419.797294,6267,-0.000,-0.040,-50.859
XDA.XsDeviceId,1790006419.797301,6267,121.711,-1.010,-47.529
XDA.XsDeviceId,1790006419.813417,6268,-0.002,-0.039,-50.854
XDA.XsDeviceId,1790006419.813432,6268,111.299,-0.970,-48.200
XDA.XsDeviceId,1790006419.829180,6269,-0.000,-0.038,-50.851
XDA.XsDeviceId,1790006419.829188,6269,103.341,-0.949,-48.582
XDA.XsDeviceId,1790006419.845302,6270,-0.000,-0.037,-50.847
XDA.XsDeviceId,1790006419.845306,6270,99.955,-0.947,-49.015
XDA.XsDeviceId,1790006419.861178,6271,-0.001,-0.036,-50.842
XDA.XsDeviceId,1790006419.861181,6271,97.527,-0.949,-48.587
XDA.XsDeviceId,1790006419.876971,6272,-0.001,-0.035,-50.838
XDA.XsDeviceId,1790006419.877068,6272,94.062,-0.961,-47.979
XDA.XsDeviceId,1790006419.893060,6273,-0.002,-0.034,-50.835
XDA.XsDeviceId,1790006419.893064,6273,90.875,-0.956,-46.776
XDA.XsDeviceId,1790006419.908956,6274,-0.003,-0.035,-50.831
XDA.XsDeviceId,1790006419.908962,6274,90.031,-1.033,-44.816
XDA.XsDeviceId,1790006419.925009,6275,-0.001,-0.034,-50.828
XDA.XsDeviceId,1790006419.925016,6275,90.069,-1.053,-42.851
XDA.XsDeviceId,1790006419.940879,6276,-0.005,-0.033,-50.824
XDA.XsDeviceId,1790006419.940885,6276,89.782,-1.070,-41.884
XDA.XsDeviceId,1790006419.956929,6277,-0.004,-0.034,-50.821
XDA.XsDeviceId,1790006419.956937,6277,88.526,-1.044,-42.954
XDA.XsDeviceId,1790006419.972823,6278,-0.006,-0.030,-50.816
XDA.XsDeviceId,1790006419.972828,6278,85.733,-1.025,-44.063
XDA.XsDeviceId,1790006419.988538,6279,-0.006,-0.029,-50.813
XDA.XsDeviceId,1790006419.988544,6279,81.181,-1.008,-44.765
XDA.XsDeviceId,1790006420.020770,6280,-0.006,-0.028,-50.807
XDA.XsDeviceId,1790006420.020777,6280,74.565,-0.997,-45.495
XDA.XsDeviceId,1790006420.036696,6281,-0.007,-0.025,-50.802
XDA.XsDeviceId,1790006420.036703,6281,66.999,-0.977,-45.849
XDA.XsDeviceId,1790006420.052693,6282,-0.008,-0.022,-50.798
XDA.XsDeviceId,1790006420.052701,6282,61.523,-0.981,-45.676
XDA.XsDeviceId,1790006420.068380,6283,-0.009,-0.021,-50.794
XDA.XsDeviceId,1790006420.068386,6283,57.469,-0.991,-45.044
XDA.XsDeviceId,1790006420.084431,6284,-0.012,-0.020,-50.792
XDA.XsDeviceId,1790006420.084437,6284,53.398,-0.999,-44.009
XDA.XsDeviceId,1790006420.100755,6285,-0.013,-0.018,-50.785
XDA.XsDeviceId,1790006420.100798,6285,48.904,-1.005,-42.319
XDA.XsDeviceId,1790006420.116500,6286,-0.014,-0.015,-50.783
XDA.XsDeviceId,1790006420.116508,6286,43.876,-1.043,-39.891
XDA.XsDeviceId,1790006420.132798,6287,-0.015,-0.015,-50.779
XDA.XsDeviceId,1790006420.132801,6287,38.026,-1.049,-37.958
XDA.XsDeviceId,1790006420.148710,6288,-0.017,-0.015,-50.777
XDA.XsDeviceId,1790006420.148713,6288,33.350,-1.052,-37.321
XDA.XsDeviceId,1790006420.164975,6289,-0.018,-0.015,-50.771
XDA.XsDeviceId,1790006420.164983,6289,28.171,-1.047,-37.262
XDA.XsDeviceId,1790006420.181014,6290,-0.020,-0.013,-50.766
XDA.XsDeviceId,1790006420.181020,6290,18.824,-1.075,-37.985
XDA.XsDeviceId,1790006420.197109,6291,-0.021,-0.014,-50.763
XDA.XsDeviceId,1790006420.197116,6291,1.029,-1.336,-39.072
XDA.XsDeviceId,1790006420.212945,6292,-0.022,-0.012,-50.755
XDA.XsDeviceId,1790006420.212947,6292,0.678,-1.180,-39.535
XDA.XsDeviceId,1790006420.228684,6293,-0.022,-0.011,-50.752
XDA.XsDeviceId,1790006420.228690,6293,0.627,-1.027,-38.275
XDA.XsDeviceId,1790006420.244587,6294,-0.024,-0.009,-50.748
XDA.XsDeviceId,1790006420.244594,6294,0.589,-0.996,-37.959
XDA.XsDeviceId,1790006420.260712,6295,-0.025,-0.010,-50.744
XDA.XsDeviceId,1790006420.260719,6295,0.607,-1.008,-38.225
XDA.XsDeviceId,1790006420.276801,6296,-0.027,-0.009,-50.739
XDA.XsDeviceId,1790006420.276807,6296,0.580,-0.991,-38.444
XDA.XsDeviceId,1790006420.292659,6297,-0.029,-0.010,-50.736
XDA.XsDeviceId,1790006420.292686,6297,0.558,-0.974,-38.661
XDA.XsDeviceId,1790006420.308641,6298,-0.029,-0.008,-50.731
XDA.XsDeviceId,1790006420.308644,6298,0.567,-0.963,-38.927
XDA.XsDeviceId,1790006420.324394,6299,-0.032,-0.007,-50.728
XDA.XsDeviceId,1790006420.324400,6299,0.560,-0.955,-39.385
XDA.XsDeviceId,1790006420.340106,6300,-0.033,-0.006,-50.723
XDA.XsDeviceId,1790006420.340118,6300,0.575,-0.919,-39.998
XDA.XsDeviceId,1790006420.356101,6301,-0.035,-0.005,-50.718
XDA.XsDeviceId,1790006420.356107,6301,0.613,-0.896,-40.663
XDA.XsDeviceId,1790006420.372050,6302,-0.038,-0.005,-50.717
XDA.XsDeviceId,1790006420.372057,6302,0.607,-0.892,-40.654
XDA.XsDeviceId,1790006420.387348,6303,-0.039,-0.002,-50.711
XDA.XsDeviceId,1790006420.402902,6303,0.601,-0.891,-40.651
XDA.XsDeviceId,1790006420.414810,6304,-0.041,-0.003,-50.707
XDA.XsDeviceId,1790006420.414817,6304,0.595,-0.890,-40.650
XDA.XsDeviceId,1790006420.429609,6305,-0.043,-0.002,-50.702
XDA.XsDeviceId,1790006420.429615,6305,0.591,-0.889,-40.648
XDA.XsDeviceId,1790006420.445393,6306,-0.045,-0.002,-50.698
XDA.XsDeviceId,1790006420.445399,6306,0.586,-0.887,-40.649
XDA.XsDeviceId,1790006420.461548,6307,-0.049,-0.002,-50.695
XDA.XsDeviceId,1790006420.461556,6307,0.580,-0.888,-40.647
XDA.XsDeviceId,1790006420.477455,6308,-0.052,-0.000,-50.691
XDA.XsDeviceId,1790006420.477461,6308,0.575,-0.888,-40.648
XDA.XsDeviceId,1790006420.493579,6309,-0.055,-0.000,-50.687
XDA.XsDeviceId,1790006420.493587,6309,0.569,-0.886,-40.648
XDA.XsDeviceId,1790006420.509490,6310,-0.058,-0.001,-50.685
XDA.XsDeviceId,1790006420.509498,6310,0.564,-0.886,-40.648
XDA.XsDeviceId,1790006420.525620,6311,-0.060,0.001,-50.679
XDA.XsDeviceId,1790006420.525627,6311,0.559,-0.885,-40.646
XDA.XsDeviceId,1790006420.541429,6312,-0.062,0.004,-50.674
XDA.XsDeviceId,1790006420.541437,6312,0.553,-0.885,-40.646
XDA.XsDeviceId,1790006420.557542,6313,-0.064,0.005,-50.669
XDA.XsDeviceId,1790006420.557549,6313,0.547,-0.885,-40.646
XDA.XsDeviceId,1790006420.573779,6314,-0.067,0.005,-50.666
XDA.XsDeviceId,1790006420.573801,6314,0.541,-0.884,-40.646
XDA.XsDeviceId,1790006420.589945,6315,-0.070,0.007,-50.661
XDA.XsDeviceId,1790006420.589963,6315,0.533,-0.884,-40.647
XDA.XsDeviceId,1790006420.605920,6316,-0.072,0.003,-50.654
XDA.XsDeviceId,1790006420.605926,6316,0.528,-0.881,-40.649
XDA.XsDeviceId,1790006420.621939,6317,-0.076,0.004,-50.650
XDA.XsDeviceId,1790006420.621946,6317,0.522,-0.880,-40.648
XDA.XsDeviceId,1790006420.654148,6318,-0.078,0.006,-50.646
XDA.XsDeviceId,1790006420.654153,6318,0.518,-0.879,-40.650
XDA.XsDeviceId,1790006420.670201,6319,-0.080,0.006,-50.639
XDA.XsDeviceId,1790006420.670206,6319,0.512,-0.880,-40.648
XDA.XsDeviceId,1790006420.686172,6320,-0.084,0.004,-50.637
XDA.XsDeviceId,1790006420.686179,6320,0.505,-0.879,-40.648
XDA.XsDeviceId,1790006420.702279,6321,-0.088,0.004,-50.633
XDA.XsDeviceId,1790006420.702288,6321,0.499,-0.879,-40.648
XDA.XsDeviceId,1790006420.718257,6322,-0.091,0.003,-50.628
XDA.XsDeviceId,1790006420.718264,6322,0.493,-0.880,-40.648
XDA.XsDeviceId,1790006420.734175,6323,-0.093,0.001,-50.627
XDA.XsDeviceId,1790006420.734181,6323,0.489,-0.879,-40.647
XDA.XsDeviceId,1790006420.750406,6324,-0.096,0.000,-50.621
XDA.XsDeviceId,1790006420.750413,6324,0.480,-0.879,-40.648
XDA.XsDeviceId,1790006420.766518,6325,-0.100,0.001,-50.618
XDA.XsDeviceId,1790006420.766523,6325,0.477,-0.881,-40.646
XDA.XsDeviceId,1790006420.782800,6326,-0.101,-0.000,-50.611
XDA.XsDeviceId,1790006420.782807,6326,0.469,-0.877,-40.646
XDA.XsDeviceId,1790006420.798724,6327,-0.103,0.002,-50.609
XDA.XsDeviceId,1790006420.798733,6327,0.463,-0.877,-40.646
XDA.XsDeviceId,1790006420.814565,6328,-0.107,0.001,-50.604
XDA.XsDeviceId,1790006420.814572,6328,0.457,-0.877,-40.646
XDA.XsDeviceId,1790006420.830689,6329,-0.111,0.002,-50.599
XDA.XsDeviceId,1790006420.830697,6329,0.452,-0.876,-40.647
XDA.XsDeviceId,1790006420.846313,6330,-0.113,0.002,-50.594
XDA.XsDeviceId,1790006420.846316,6330,0.445,-0.876,-40.646
XDA.XsDeviceId,1790006420.862338,6331,-0.116,0.001,-50.590
XDA.XsDeviceId,1790006420.862345,6331,0.441,-0.876,-40.647
XDA.XsDeviceId,1790006420.878370,6332,-0.120,0.003,-50.586
XDA.XsDeviceId,1790006420.878378,6332,0.434,-0.876,-40.646
XDA.XsDeviceId,1790006420.894105,6333,-0.124,0.003,-50.581
XDA.XsDeviceId,1790006420.894112,6333,0.428,-0.874,-40.645
XDA.XsDeviceId,1790006420.910218,6334,-0.128,0.004,-50.576
XDA.XsDeviceId,1790006420.910221,6334,0.423,-0.874,-40.646
XDA.XsDeviceId,1790006420.926120,6335,-0.131,0.003,-50.571
XDA.XsDeviceId,1790006420.926224,6335,0.417,-0.874,-40.645
XDA.XsDeviceId,1790006420.942088,6336,-0.136,0.002,-50.568
XDA.XsDeviceId,1790006420.942097,6336,0.412,-0.873,-40.646
XDA.XsDeviceId,1790006420.958032,6337,-0.138,0.000,-50.561
XDA.XsDeviceId,1790006420.958040,6337,0.406,-0.871,-40.646
XDA.XsDeviceId,1790006420.974023,6338,-0.140,0.001,-50.555
XDA.XsDeviceId,1790006420.974029,6338,0.401,-0.870,-40.647
XDA.XsDeviceId,1790006420.990274,6339,-0.140,-0.001,-50.552
XDA.XsDeviceId,1790006420.990283,6339,0.394,-0.870,-40.647
XDA.XsDeviceId,1790006421.006092,6340,-0.142,-0.004,-50.548
XDA.XsDeviceId,1790006421.006098,6340,0.391,-0.870,-40.646
XDA.XsDeviceId,1790006421.022311,6341,-0.146,-0.007,-50.546
XDA.XsDeviceId,1790006421.038279,6342,-0.149,-0.013,-50.544
XDA.XsDeviceId,1790006421.038287,6341,0.385,-0.870,-40.647
XDA.XsDeviceId,1790006421.054357,6342,0.377,-0.870,-40.647
XDA.XsDeviceId,1790006421.070371,6343,-0.153,-0.012,-50.540
XDA.XsDeviceId,1790006421.070378,6343,0.371,-0.871,-40.648
XDA.XsDeviceId,1790006421.086225,6344,-0.158,-0.011,-50.536
XDA.XsDeviceId,1790006421.086234,6344,0.364,-0.871,-40.648
XDA.XsDeviceId,1790006421.102208,6345,-0.161,-0.012,-50.532
XDA.XsDeviceId,1790006421.102215,6345,0.358,-0.870,-40.647
XDA.XsDeviceId,1790006421.118099,6346,-0.162,-0.011,-50.525
XDA.XsDeviceId,1790006421.118107,6346,0.352,-0.870,-40.647
XDA.XsDeviceId,1790006421.133790,6347,-0.163,-0.010,-50.521
XDA.XsDeviceId,1790006421.133799,6347,0.345,-0.871,-40.646
XDA.XsDeviceId,1790006421.149580,6348,-0.166,-0.008,-50.515
XDA.XsDeviceId,1790006421.149586,6348,0.342,-0.869,-40.648
XDA.XsDeviceId,1790006421.165737,6349,-0.172,-0.008,-50.511
XDA.XsDeviceId,1790006421.165743,6349,0.338,-0.869,-40.648
XDA.XsDeviceId,1790006421.181891,6350,-0.172,-0.008,-50.506
XDA.XsDeviceId,1790006421.181898,6350,0.331,-0.868,-40.648
XDA.XsDeviceId,1790006421.197961,6351,-0.176,-0.007,-50.500
XDA.XsDeviceId,1790006421.197989,6351,0.324,-0.869,-40.647
XDA.XsDeviceId,1790006421.213874,6352,-0.178,-0.005,-50.494
XDA.XsDeviceId,1790006421.213881,6352,0.318,-0.870,-40.647
XDA.XsDeviceId,1790006421.229932,6353,-0.182,-0.007,-50.489
XDA.XsDeviceId,1790006421.229939,6353,0.312,-0.870,-40.648
XDA.XsDeviceId,1790006421.246216,6354,-0.187,-0.008,-50.486
XDA.XsDeviceId,1790006421.246224,6354,0.307,-0.870,-40.647
XDA.XsDeviceId,1790006421.262295,6355,-0.192,-0.009,-50.482
XDA.XsDeviceId,1790006421.262301,6355,0.299,-0.869,-40.646
XDA.XsDeviceId,1790006421.278293,6356,-0.197,-0.012,-50.481
XDA.XsDeviceId,1790006421.278296,6356,0.295,-0.869,-40.645
XDA.XsDeviceId,1790006421.294505,6357,-0.202,-0.012,-50.475
XDA.XsDeviceId,1790006421.294608,6357,0.287,-0.867,-40.647
XDA.XsDeviceId,1790006421.310543,6358,-0.207,-0.012,-50.469
XDA.XsDeviceId,1790006421.310546,6358,0.281,-0.868,-40.646
XDA.XsDeviceId,1790006421.326734,6359,-0.210,-0.011,-50.463
XDA.XsDeviceId,1790006421.326740,6359,0.275,-0.867,-40.647
XDA.XsDeviceId,1790006421.342531,6360,-0.211,-0.014,-50.459
XDA.XsDeviceId,1790006421.342535,6360,0.269,-0.868,-40.649
XDA.XsDeviceId,1790006421.358854,6361,-0.211,-0.013,-50.452
XDA.XsDeviceId,1790006421.358862,6361,0.263,-0.867,-40.649
XDA.XsDeviceId,1790006421.374706,6362,-0.221,-0.013,-50.450
XDA.XsDeviceId,1790006421.374713,6362,0.256,-0.867,-40.650
XDA.XsDeviceId,1790006421.390450,6363,-0.228,-0.012,-50.445
XDA.XsDeviceId,1790006421.390457,6363,0.251,-0.866,-40.649
XDA.XsDeviceId,1790006421.406576,6364,-0.230,-0.015,-50.442
XDA.XsDeviceId,1790006421.406585,6364,0.247,-0.866,-40.649
XDA.XsDeviceId,1790006421.422054,6365,-0.233,-0.017,-50.436
XDA.XsDeviceId,1790006421.422062,6365,0.241,-0.867,-40.649
XDA.XsDeviceId,1790006421.463962,6366,-0.239,-0.017,-50.434
XDA.XsDeviceId,1790006421.463969,6366,0.235,-0.867,-40.649
XDA.XsDeviceId,1790006421.479905,6367,-0.244,-0.018,-50.429
XDA.XsDeviceId,1790006421.479909,6367,0.230,-0.865,-40.649
XDA.XsDeviceId,1790006421.495848,6368,-0.248,-0.017,-50.424
XDA.XsDeviceId,1790006421.495856,6368,0.223,-0.865,-40.649
XDA.XsDeviceId,1790006421.512011,6369,-0.248,-0.021,-50.417
XDA.XsDeviceId,1790006421.512015,6369,0.218,-0.865,-40.650
XDA.XsDeviceId,1790006421.528162,6370,-0.251,-0.021,-50.412
XDA.XsDeviceId,1790006421.528168,6370,0.212,-0.864,-40.650
XDA.XsDeviceId,1790006421.544009,6371,-0.256,-0.021,-50.410
XDA.XsDeviceId,1790006421.544025,6371,0.208,-0.863,-40.651
XDA.XsDeviceId,1790006421.559679,6372,-0.262,-0.021,-50.406
XDA.XsDeviceId,1790006421.559685,6372,0.203,-0.864,-40.650
XDA.XsDeviceId,1790006421.575581,6373,-0.263,-0.023,-50.400
XDA.XsDeviceId,1790006421.575583,6373,0.195,-0.863,-40.649
XDA.XsDeviceId,1790006421.591541,6374,-0.263,-0.028,-50.397
XDA.XsDeviceId,1790006421.591548,6374,0.189,-0.864,-40.652
XDA.XsDeviceId,1790006421.607566,6375,-0.264,-0.036,-50.395
XDA.XsDeviceId,1790006421.607573,6375,0.184,-0.864,-40.651
XDA.XsDeviceId,1790006421.623446,6376,-0.270,-0.035,-50.392
XDA.XsDeviceId,1790006421.623452,6376,0.179,-0.865,-40.652
XDA.XsDeviceId,1790006421.639488,6377,-0.276,-0.037,-50.388
XDA.XsDeviceId,1790006421.639494,6377,0.172,-0.864,-40.653
XDA.XsDeviceId,1790006421.655248,6378,-0.279,-0.036,-50.380
XDA.XsDeviceId,1790006421.655254,6378,0.166,-0.863,-40.652
XDA.XsDeviceId,1790006421.671208,6379,-0.283,-0.035,-50.376
XDA.XsDeviceId,1790006421.671215,6379,0.158,-0.863,-40.652
XDA.XsDeviceId,1790006421.687049,6380,-0.291,-0.032,-50.370
XDA.XsDeviceId,1790006421.687054,6380,0.153,-0.861,-40.654
XDA.XsDeviceId,1790006421.703161,6381,-0.294,-0.035,-50.365
XDA.XsDeviceId,1790006421.703166,6381,0.147,-0.859,-40.652
XDA.XsDeviceId,1790006421.718843,6382,-0.298,-0.040,-50.364
XDA.XsDeviceId,1790006421.718846,6382,0.142,-0.861,-40.654
XDA.XsDeviceId,1790006421.734718,6383,-0.302,-0.040,-50.359
XDA.XsDeviceId,1790006421.734724,6383,0.136,-0.861,-40.655
XDA.XsDeviceId,1790006421.750719,6384,-0.305,-0.038,-50.352
XDA.XsDeviceId,1790006421.750725,6384,0.131,-0.861,-40.656
XDA.XsDeviceId,1790006421.766911,6385,-0.307,-0.038,-50.347
XDA.XsDeviceId,1790006421.766917,6385,0.124,-0.860,-40.656
XDA.XsDeviceId,1790006421.782754,6386,-0.310,-0.039,-50.340
XDA.XsDeviceId,1790006421.782760,6386,0.119,-0.860,-40.656
XDA.XsDeviceId,1790006421.798782,6387,-0.311,-0.039,-50.332
XDA.XsDeviceId,1790006421.798787,6387,0.112,-0.861,-40.655
XDA.XsDeviceId,1790006421.814617,6388,-0.319,-0.039,-50.330
XDA.XsDeviceId,1790006421.814624,6388,0.107,-0.860,-40.657
XDA.XsDeviceId,1790006421.830856,6389,-0.321,-0.038,-50.324
XDA.XsDeviceId,1790006421.830863,6389,0.102,-0.860,-40.656
XDA.XsDeviceId,1790006421.846705,6390,-0.322,-0.039,-50.322
XDA.XsDeviceId,1790006421.846708,6390,0.098,-0.861,-40.657
XDA.XsDeviceId,1790006421.862831,6391,-0.324,-0.047,-50.322
XDA.XsDeviceId,1790006421.862839,6391,0.092,-0.861,-40.657
XDA.XsDeviceId,1790006421.878911,6392,-0.328,-0.051,-50.319
XDA.XsDeviceId,1790006421.878917,6392,0.085,-0.860,-40.659
XDA.XsDeviceId,1790006421.894669,6393,-0.331,-0.051,-50.316
XDA.XsDeviceId,1790006421.894676,6393,0.080,-0.859,-40.659
XDA.XsDeviceId,1790006421.910492,6394,-0.331,-0.052,-50.311
XDA.XsDeviceId,1790006421.910498,6394,0.075,-0.858,-40.659
XDA.XsDeviceId,1790006421.926638,6395,-0.333,-0.053,-50.305
XDA.XsDeviceId,1790006421.926646,6395,0.070,-0.857,-40.659
XDA.XsDeviceId,1790006421.942480,6396,-0.339,-0.056,-50.299
XDA.XsDeviceId,1790006421.942487,6396,0.064,-0.862,-40.660
XDA.XsDeviceId,1790006421.958407,6397,-0.341,-0.059,-50.298
XDA.XsDeviceId,1790006421.958415,6397,0.058,-0.862,-40.660
XDA.XsDeviceId,1790006421.974380,6398,-0.349,-0.059,-50.296
XDA.XsDeviceId,1790006421.974386,6398,0.053,-0.862,-40.658
XDA.XsDeviceId,1790006421.990324,6399,-0.353,-0.057,-50.291
XDA.XsDeviceId,1790006421.990331,6399,0.047,-0.862,-40.660
XDA.XsDeviceId,1790006422.006131,6400,-0.358,-0.058,-50.289
XDA.XsDeviceId,1790006422.006137,6400,0.041,-0.862,-40.660
XDA.XsDeviceId,1790006422.021855,6401,-0.361,-0.063,-50.288
XDA.XsDeviceId,1790006422.021860,6401,0.036,-0.863,-40.661
XDA.XsDeviceId,1790006422.053862,6402,-0.363,-0.062,-50.280
XDA.XsDeviceId,1790006422.053872,6402,0.032,-0.866,-40.661
XDA.XsDeviceId,1790006422.069702,6403,-0.368,-0.061,-50.274
XDA.XsDeviceId,1790006422.069707,6403,0.026,-0.866,-40.660
XDA.XsDeviceId,1790006422.085754,6404,-0.372,-0.062,-50.270
XDA.XsDeviceId,1790006422.085760,6404,0.022,-0.865,-40.659
XDA.XsDeviceId,1790006422.101415,6405,-0.375,-0.064,-50.268
XDA.XsDeviceId,1790006422.101420,6405,0.018,-0.865,-40.660
XDA.XsDeviceId,1790006422.117163,6406,-0.377,-0.068,-50.263
XDA.XsDeviceId,1790006422.117172,6406,0.013,-0.865,-40.663
XDA.XsDeviceId,1790006422.133052,6407,-0.383,-0.070,-50.262
XDA.XsDeviceId,1790006422.133061,6407,0.006,-0.866,-40.661
XDA.XsDeviceId,1790006422.149078,6408,-0.385,-0.070,-50.254
XDA.XsDeviceId,1790006422.149086,6408,0.001,-0.868,-40.662
XDA.XsDeviceId,1790006422.164900,6409,-0.386,-0.072,-50.251
XDA.XsDeviceId,1790006422.164905,6409,-0.005,-0.865,-40.662
XDA.XsDeviceId,1790006422.180651,6410,-0.387,-0.077,-50.247
XDA.XsDeviceId,1790006422.180659,6410,-0.010,-0.863,-40.662
XDA.XsDeviceId,1790006422.196521,6411,-0.389,-0.081,-50.245
XDA.XsDeviceId,1790006422.196528,6411,-0.018,-0.864,-40.662
XDA.XsDeviceId,1790006422.212651,6412,-0.396,-0.079,-50.240
XDA.XsDeviceId,1790006422.212656,6412,-0.022,-0.864,-40.661
XDA.XsDeviceId,1790006422.228868,6413,-0.397,-0.082,-50.233
XDA.XsDeviceId,1790006422.228875,6413,-0.026,-0.863,-40.659
XDA.XsDeviceId,1790006422.244874,6414,-0.401,-0.081,-50.229
XDA.XsDeviceId,1790006422.244880,6414,-0.031,-0.866,-40.661
XDA.XsDeviceId,1790006422.260875,6415,-0.405,-0.079,-50.224
XDA.XsDeviceId,1790006422.260881,6415,-0.037,-0.867,-40.663
XDA.XsDeviceId,1790006422.276724,6416,-0.411,-0.079,-50.220
XDA.XsDeviceId,1790006422.276728,6416,-0.043,-0.865,-40.662
XDA.XsDeviceId,1790006422.292485,6417,-0.414,-0.082,-50.218
XDA.XsDeviceId,1790006422.292491,6417,-0.047,-0.867,-40.661
XDA.XsDeviceId,1790006422.308595,6418,-0.418,-0.080,-50.210
XDA.XsDeviceId,1790006422.308600,6418,-0.052,-0.865,-40.661
XDA.XsDeviceId,1790006422.324757,6419,-0.418,-0.081,-50.204
XDA.XsDeviceId,1790006422.324762,6419,-0.058,-0.865,-40.662
XDA.XsDeviceId,1790006422.340741,6420,-0.423,-0.086,-50.202
XDA.XsDeviceId,1790006422.340748,6420,-0.066,-0.863,-40.664
XDA.XsDeviceId,1790006422.356791,6421,-0.430,-0.086,-50.197
XDA.XsDeviceId,1790006422.356794,6421,-0.068,-0.865,-40.662
XDA.XsDeviceId,1790006422.372654,6422,-0.435,-0.089,-50.197
XDA.XsDeviceId,1790006422.372657,6422,-0.073,-0.866,-40.660
XDA.XsDeviceId,1790006422.388520,6423,-0.437,-0.090,-50.189
XDA.XsDeviceId,1790006422.404289,6423,-0.077,-0.865,-40.661
XDA.XsDeviceId,1790006422.420205,6424,-0.443,-0.090,-50.184
XDA.XsDeviceId,1790006422.420212,6424,-0.081,-0.862,-40.662
XDA.XsDeviceId,1790006422.436022,6425,-0.448,-0.093,-50.180
XDA.XsDeviceId,1790006422.436029,6425,-0.087,-0.862,-40.662
XDA.XsDeviceId,1790006422.452034,6426,-0.448,-0.098,-50.177
XDA.XsDeviceId,1790006422.452037,6426,-0.093,-0.862,-40.662
XDA.XsDeviceId,1790006422.468139,6427,-0.451,-0.096,-50.169
XDA.XsDeviceId,1790006422.468145,6427,-0.096,-0.862,-40.661
XDA.XsDeviceId,1790006422.491135,6428,-0.454,-0.095,-50.165
XDA.XsDeviceId,1790006422.491143,6428,-0.101,-0.862,-40.661
XDA.XsDeviceId,1790006422.497146,6429,-0.455,-0.094,-50.156
XDA.XsDeviceId,1790006422.497149,6429,-0.106,-0.864,-40.661
XDA.XsDeviceId,1790006422.513288,6430,-0.457,-0.099,-50.154
XDA.XsDeviceId,1790006422.513295,6430,-0.112,-0.866,-40.662
XDA.XsDeviceId,1790006422.529019,6431,-0.458,-0.101,-50.147
XDA.XsDeviceId,1790006422.529057,6431,-0.115,-0.865,-40.662
XDA.XsDeviceId,1790006422.544936,6432,-0.462,-0.098,-50.140
XDA.XsDeviceId,1790006422.544938,6432,-0.123,-0.868,-40.664
XDA.XsDeviceId,1790006422.560709,6433,-0.468,-0.095,-50.135
XDA.XsDeviceId,1790006422.560713,6433,-0.125,-0.868,-40.665
XDA.XsDeviceId,1790006422.576694,6434,-0.470,-0.096,-50.130
XDA.XsDeviceId,1790006422.576701,6434,-0.128,-0.870,-40.665
XDA.XsDeviceId,1790006422.592587,6435,-0.476,-0.097,-50.126
XDA.XsDeviceId,1790006422.592595,6435,-0.129,-0.869,-40.664
XDA.XsDeviceId,1790006422.608537,6436,-0.477,-0.097,-50.122
XDA.XsDeviceId,1790006422.608545,6436,-0.133,-0.870,-40.662
XDA.XsDeviceId,1790006422.624439,6437,-0.483,-0.100,-50.119
XDA.XsDeviceId,1790006422.624446,6437,-0.137,-0.872,-40.664
XDA.XsDeviceId,1790006422.640588,6438,-0.489,-0.099,-50.113
XDA.XsDeviceId,1790006422.640594,6438,-0.142,-0.871,-40.663
XDA.XsDeviceId,1790006422.656515,6439,-0.494,-0.097,-50.108
XDA.XsDeviceId,1790006422.656518,6439,-0.145,-0.873,-40.664
XDA.XsDeviceId,1790006422.672317,6440,-0.497,-0.096,-50.103
XDA.XsDeviceId,1790006422.672320,6440,-0.147,-0.872,-40.663
XDA.XsDeviceId,1790006422.688371,6441,-0.499,-0.103,-50.101
XDA.XsDeviceId,1790006422.704404,6441,-0.149,-0.872,-40.664
XDA.XsDeviceId,1790006422.720451,6442,-0.503,-0.108,-50.102
XDA.XsDeviceId,1790006422.720473,6442,-0.154,-0.871,-40.662
XDA.XsDeviceId,1790006422.736388,6443,-0.508,-0.107,-50.098
XDA.XsDeviceId,1790006422.736395,6443,-0.157,-0.869,-40.662
XDA.XsDeviceId,1790006422.752120,6444,-0.511,-0.108,-50.090
XDA.XsDeviceId,1790006422.752127,6444,-0.166,-0.868,-40.664
XDA.XsDeviceId,1790006422.768256,6445,-0.515,-0.108,-50.088
XDA.XsDeviceId,1790006422.768261,6445,-0.171,-0.869,-40.664
XDA.XsDeviceId,1790006422.784530,6446,-0.517,-0.110,-50.082
XDA.XsDeviceId,1790006422.784538,6446,-0.176,-0.870,-40.664
XDA.XsDeviceId,1790006422.800451,6447,-0.522,-0.109,-50.079
XDA.XsDeviceId,1790006422.800457,6447,-0.178,-0.868,-40.663
XDA.XsDeviceId,1790006422.816392,6448,-0.527,-0.110,-50.077
XDA.XsDeviceId,1790006422.816399,6448,-0.182,-0.867,-40.663
XDA.XsDeviceId,1790006422.832361,6449,-0.530,-0.108,-50.070
XDA.XsDeviceId,1790006422.832368,6449,-0.186,-0.868,-40.661
XDA.XsDeviceId,1790006422.848627,6450,-0.533,-0.108,-50.066
XDA.XsDeviceId,1790006422.848634,6450,-0.192,-0.869,-40.662
XDA.XsDeviceId,1790006422.864555,6451,-0.536,-0.108,-50.062
XDA.XsDeviceId,1790006422.864561,6451,-0.196,-0.870,-40.659
XDA.XsDeviceId,1790006422.880518,6452,-0.538,-0.107,-50.058
XDA.XsDeviceId,1790006422.880526,6452,-0.200,-0.872,-40.662
XDA.XsDeviceId,1790006422.895896,6453,-0.542,-0.111,-50.053
XDA.XsDeviceId,1790006422.895902,6453,-0.203,-0.872,-40.662
XDA.XsDeviceId,1790006422.911961,6454,-0.541,-0.111,-50.048
XDA.XsDeviceId,1790006422.912011,6454,-0.207,-0.871,-40.665
XDA.XsDeviceId,1790006422.928092,6455,-0.548,-0.111,-50.046
XDA.XsDeviceId,1790006422.928102,6455,-0.210,-0.873,-40.665
XDA.XsDeviceId,1790006422.944014,6456,-0.551,-0.113,-50.042
XDA.XsDeviceId,1790006422.944022,6456,-0.217,-0.869,-40.667
XDA.XsDeviceId,1790006422.959939,6457,-0.555,-0.113,-50.037
XDA.XsDeviceId,1790006422.959946,6457,-0.220,-0.872,-40.666
XDA.XsDeviceId,1790006422.976155,6458,-0.556,-0.113,-50.031
XDA.XsDeviceId,1790006422.976197,6458,-0.221,-0.871,-40.665
XDA.XsDeviceId,1790006422.992004,6459,-0.559,-0.114,-50.027
XDA.XsDeviceId,1790006422.992011,6459,-0.222,-0.873,-40.663
XDA.XsDeviceId,1790006423.007742,6460,-0.566,-0.114,-50.022
XDA.XsDeviceId,1790006423.007754,6460,-0.227,-0.870,-40.663
XDA.XsDeviceId,1790006423.023777,6461,-0.567,-0.117,-50.019
XDA.XsDeviceId,1790006423.023782,6461,-0.225,-0.872,-40.663
XDA.XsDeviceId,1790006423.039727,6462,-0.571,-0.116,-50.012
XDA.XsDeviceId,1790006423.039734,6462,-0.231,-0.869,-40.666
XDA.XsDeviceId,1790006423.055664,6463,-0.571,-0.117,-50.005
XDA.XsDeviceId,1790006423.055773,6463,-0.234,-0.867,-40.666
XDA.XsDeviceId,1790006423.071958,6464,-0.575,-0.118,-50.002
XDA.XsDeviceId,1790006423.088000,6464,-0.236,-0.868,-40.665
XDA.XsDeviceId,1790006423.104272,6465,-0.579,-0.120,-50.000
XDA.XsDeviceId,1790006423.104278,6465,-0.241,-0.868,-40.667
XDA.XsDeviceId,1790006423.120100,6466,-0.586,-0.119,-49.996
XDA.XsDeviceId,1790006423.120106,6466,-0.243,-0.869,-40.671
XDA.XsDeviceId,1790006423.136047,6467,-0.588,-0.122,-49.994
XDA.XsDeviceId,1790006423.136054,6467,-0.250,-0.866,-40.672
XDA.XsDeviceId,1790006423.152134,6468,-0.592,-0.122,-49.990
XDA.XsDeviceId,1790006423.152138,6468,-0.250,-0.868,-40.672
XDA.XsDeviceId,1790006423.168060,6469,-0.595,-0.122,-49.986
XDA.XsDeviceId,1790006423.168068,6469,-0.250,-0.870,-40.667
XDA.XsDeviceId,1790006423.184185,6470,-0.596,-0.120,-49.979
XDA.XsDeviceId,1790006423.184191,6470,-0.253,-0.876,-40.665
XDA.XsDeviceId,1790006423.199948,6471,-0.599,-0.125,-49.979
XDA.XsDeviceId,1790006423.199955,6471,-0.254,-0.875,-40.664
XDA.XsDeviceId,1790006423.215658,6472,-0.605,-0.125,-49.975
XDA.XsDeviceId,1790006423.215661,6472,-0.257,-0.877,-40.666
XDA.XsDeviceId,1790006423.231697,6473,-0.609,-0.129,-49.973
XDA.XsDeviceId,1790006423.231703,6473,-0.262,-0.874,-40.666
XDA.XsDeviceId,1790006423.247976,6474,-0.613,-0.130,-49.970
XDA.XsDeviceId,1790006423.247979,6474,-0.267,-0.874,-40.668
XDA.XsDeviceId,1790006423.263996,6475,-0.615,-0.131,-49.964
XDA.XsDeviceId,1790006423.264004,6475,-0.269,-0.873,-40.670
XDA.XsDeviceId,1790006423.279780,6476,-0.619,-0.133,-49.963
XDA.XsDeviceId,1790006423.279787,6476,-0.276,-0.870,-40.668
XDA.XsDeviceId,1790006423.295952,6477,-0.622,-0.131,-49.958
XDA.XsDeviceId,1790006423.295959,6477,-0.277,-0.866,-40.670
XDA.XsDeviceId,1790006423.311820,6478,-0.627,-0.130,-49.954
XDA.XsDeviceId,1790006423.311826,6478,-0.279,-0.865,-40.667
XDA.XsDeviceId,1790006423.327810,6479,-0.630,-0.132,-49.950
XDA.XsDeviceId,1790006423.327820,6479,-0.284,-0.865,-40.668
XDA.XsDeviceId,1790006423.344017,6480,-0.632,-0.132,-49.944
XDA.XsDeviceId,1790006423.344023,6480,-0.290,-0.860,-40.666
XDA.XsDeviceId,1790006423.360220,6481,-0.632,-0.132,-49.941
XDA.XsDeviceId,1790006423.360227,6481,-0.294,-0.863,-40.669
XDA.XsDeviceId,1790006423.376008,6482,-0.634,-0.134,-49.939
XDA.XsDeviceId,1790006423.376011,6482,-0.295,-0.864,-40.668
XDA.XsDeviceId,1790006423.392180,6483,-0.637,-0.135,-49.934
XDA.XsDeviceId,1790006423.392186,6483,-0.300,-0.863,-40.669
XDA.XsDeviceId,1790006423.408042,6484,-0.641,-0.133,-49.931
XDA.XsDeviceId,1790006423.408048,6484,-0.305,-0.859,-40.670
XDA.XsDeviceId,1790006423.423933,6485,-0.643,-0.136,-49.930
XDA.XsDeviceId,1790006423.423938,6485,-0.310,-0.859,-40.669
XDA.XsDeviceId,1790006423.439859,6486,-0.644,-0.139,-49.924
XDA.XsDeviceId,1790006423.439866,6486,-0.311,-0.863,-40.671
XDA.XsDeviceId,1790006423.455852,6487,-0.645,-0.138,-49.920
XDA.XsDeviceId,1790006423.455859,6487,-0.317,-0.862,-40.670
XDA.XsDeviceId,1790006423.471863,6488,-0.648,-0.137,-49.915
XDA.XsDeviceId,1790006423.471869,6488,-0.318,-0.862,-40.669
XDA.XsDeviceId,1790006423.503299,6489,-0.654,-0.138,-49.912
XDA.XsDeviceId,1790006423.503306,6489,-0.317,-0.864,-40.670
XDA.XsDeviceId,1790006423.514757,6490,-0.655,-0.140,-49.909
XDA.XsDeviceId,1790006423.514763,6490,-0.318,-0.863,-40.672
XDA.XsDeviceId,1790006423.530404,6491,-0.657,-0.139,-49.906
XDA.XsDeviceId,1790006423.530406,6491,-0.320,-0.867,-40.670
XDA.XsDeviceId,1790006423.546653,6492,-0.661,-0.144,-49.906
XDA.XsDeviceId,1790006423.546659,6492,-0.322,-0.867,-40.673
XDA.XsDeviceId,1790006423.562855,6493,-0.665,-0.142,-49.902
XDA.XsDeviceId,1790006423.562857,6493,-0.326,-0.870,-40.672
XDA.XsDeviceId,1790006423.578651,6494,-0.669,-0.142,-49.897
XDA.XsDeviceId,1790006423.578652,6494,-0.326,-0.871,-40.675
XDA.XsDeviceId,1790006423.594755,6495,-0.669,-0.145,-49.893
XDA.XsDeviceId,1790006423.594758,6495,-0.325,-0.873,-40.676
XDA.XsDeviceId,1790006423.610952,6496,-0.672,-0.145,-49.890
XDA.XsDeviceId,1790006423.610955,6496,-0.326,-0.873,-40.675
XDA.XsDeviceId,1790006423.626850,6497,-0.670,-0.148,-49.885
XDA.XsDeviceId,1790006423.626856,6497,-0.328,-0.870,-40.679
XDA.XsDeviceId,1790006423.643023,6498,-0.675,-0.148,-49.883
XDA.XsDeviceId,1790006423.643026,6498,-0.332,-0.875,-40.684
XDA.XsDeviceId,1790006423.659082,6499,-0.679,-0.151,-49.879
XDA.XsDeviceId,1790006423.659085,6499,-0.331,-0.873,-40.685
XDA.XsDeviceId,1790006423.675244,6500,-0.680,-0.152,-49.877
XDA.XsDeviceId,1790006423.675251,6500,-0.336,-0.871,-40.686
XDA.XsDeviceId,1790006423.691052,6501,-0.683,-0.154,-49.873
XDA.XsDeviceId,1790006423.691055,6501,-0.339,-0.870,-40.687
XDA.XsDeviceId,1790006423.706956,6502,-0.684,-0.153,-49.868
XDA.XsDeviceId,1790006423.706963,6502,-0.338,-0.871,-40.687
XDA.XsDeviceId,1790006423.723051,6503,-0.686,-0.154,-49.864
XDA.XsDeviceId,1790006423.723058,6503,-0.339,-0.871,-40.691
XDA.XsDeviceId,1790006423.738978,6504,-0.691,-0.154,-49.861
XDA.XsDeviceId,1790006423.754661,6504,-0.340,-0.870,-40.693
XDA.XsDeviceId,1790006423.770732,6505,-0.693,-0.155,-49.857
XDA.XsDeviceId,1790006423.770738,6505,-0.342,-0.869,-40.695
XDA.XsDeviceId,1790006423.786713,6506,-0.695,-0.159,-49.856
XDA.XsDeviceId,1790006423.786719,6506,-0.345,-0.867,-40.695
XDA.XsDeviceId,1790006423.802920,6507,-0.697,-0.160,-49.853
XDA.XsDeviceId,1790006423.802926,6507,-0.347,-0.867,-40.693
XDA.XsDeviceId,1790006423.818874,6508,-0.701,-0.164,-49.853
XDA.XsDeviceId,1790006423.818882,6508,-0.350,-0.867,-40.695
XDA.XsDeviceId,1790006423.835019,6509,-0.703,-0.168,-49.852
XDA.XsDeviceId,1790006423.835027,6509,-0.350,-0.865,-40.697
XDA.XsDeviceId,1790006423.850856,6510,-0.704,-0.171,-49.848
XDA.XsDeviceId,1790006423.850864,6510,-0.354,-0.866,-40.699
XDA.XsDeviceId,1790006423.866821,6511,-0.706,-0.171,-49.847
XDA.XsDeviceId,1790006423.866829,6511,-0.358,-0.867,-40.698
XDA.XsDeviceId,1790006423.882688,6512,-0.709,-0.172,-49.844
XDA.XsDeviceId,1790006423.882691,6512,-0.361,-0.867,-40.701
XDA.XsDeviceId,1790006423.898672,6513,-0.712,-0.174,-49.843
XDA.XsDeviceId,1790006423.898678,6513,-0.363,-0.866,-40.705
XDA.XsDeviceId,1790006423.914592,6514,-0.715,-0.175,-49.839
XDA.XsDeviceId,1790006423.914598,6514,-0.365,-0.868,-40.704
XDA.XsDeviceId,1790006423.930482,6515,-0.719,-0.176,-49.835
XDA.XsDeviceId,1790006423.930499,6515,-0.364,-0.867,-40.710
XDA.XsDeviceId,1790006423.946400,6516,-0.723,-0.175,-49.830
XDA.XsDeviceId,1790006423.946405,6516,-0.369,-0.866,-40.713
XDA.XsDeviceId,1790006423.962103,6517,-0.723,-0.176,-49.826
XDA.XsDeviceId,1790006423.962107,6517,-0.373,-0.866,-40.711
XDA.XsDeviceId,1790006423.977838,6518,-0.724,-0.176,-49.821
XDA.XsDeviceId,1790006423.977844,6518,-0.373,-0.866,-40.715
XDA.XsDeviceId,1790006423.993894,6519,-0.724,-0.179,-49.817
XDA.XsDeviceId,1790006423.993901,6519,-0.375,-0.867,-40.714
XDA.XsDeviceId,1790006424.009729,6520,-0.725,-0.182,-49.817
XDA.XsDeviceId,1790006424.009736,6520,-0.374,-0.866,-40.711
XDA.XsDeviceId,1790006424.025422,6521,-0.727,-0.183,-49.815
XDA.XsDeviceId,1790006424.025455,6521,-0.376,-0.868,-40.710
XDA.XsDeviceId,1790006424.041700,6522,-0.727,-0.186,-49.814
XDA.XsDeviceId,1790006424.041706,6522,-0.377,-0.870,-40.711
XDA.XsDeviceId,1790006424.057767,6523,-0.730,-0.186,-49.809
XDA.XsDeviceId,1790006424.057770,6523,-0.378,-0.869,-40.716
XDA.XsDeviceId,1790006424.074051,6524,-0.733,-0.186,-49.808
XDA.XsDeviceId,1790006424.074057,6524,-0.378,-0.872,-40.717
XDA.XsDeviceId,1790006424.089957,6525,-0.732,-0.191,-49.807
XDA.XsDeviceId,1790006424.089964,6525,-0.379,-0.874,-40.715
XDA.XsDeviceId,1790006424.105730,6526,-0.735,-0.192,-49.806
XDA.XsDeviceId,1790006424.105737,6526,-0.382,-0.872,-40.715
XDA.XsDeviceId,1790006424.121740,6527,-0.737,-0.194,-49.802
XDA.XsDeviceId,1790006424.121747,6527,-0.381,-0.871,-40.718
XDA.XsDeviceId,1790006424.153554,6528,-0.739,-0.193,-49.799
XDA.XsDeviceId,1790006424.153563,6528,-0.381,-0.873,-40.721
XDA.XsDeviceId,1790006424.169338,6529,-0.742,-0.193,-49.796
XDA.XsDeviceId,1790006424.169342,6529,-0.385,-0.872,-40.724
XDA.XsDeviceId,1790006424.185288,6530,-0.745,-0.194,-49.792
XDA.XsDeviceId,1790006424.185294,6530,-0.387,-0.872,-40.724
XDA.XsDeviceId,1790006424.201098,6531,-0.749,-0.194,-49.788
XDA.XsDeviceId,1790006424.201106,6531,-0.390,-0.874,-40.725
XDA.XsDeviceId,1790006424.216971,6532,-0.750,-0.195,-49.784
XDA.XsDeviceId,1790006424.216976,6532,-0.393,-0.873,-40.731
XDA.XsDeviceId,1790006424.232898,6533,-0.752,-0.195,-49.779
XDA.XsDeviceId,1790006424.232903,6533,-0.395,-0.874,-40.732
XDA.XsDeviceId,1790006424.248863,6534,-0.752,-0.197,-49.778
XDA.XsDeviceId,1790006424.248870,6534,-0.394,-0.878,-40.733
XDA.XsDeviceId,1790006424.264803,6535,-0.755,-0.197,-49.774
XDA.XsDeviceId,1790006424.264809,6535,-0.392,-0.878,-40.732
XDA.XsDeviceId,1790006424.280869,6536,-0.757,-0.199,-49.773
XDA.XsDeviceId,1790006424.280876,6536,-0.393,-0.877,-40.733
XDA.XsDeviceId,1790006424.296618,6537,-0.760,-0.200,-49.771
XDA.XsDeviceId,1790006424.296624,6537,-0.394,-0.876,-40.735
XDA.XsDeviceId,1790006424.312691,6538,-0.763,-0.199,-49.765
XDA.XsDeviceId,1790006424.312698,6538,-0.396,-0.876,-40.734
XDA.XsDeviceId,1790006424.328682,6539,-0.764,-0.201,-49.761
XDA.XsDeviceId,1790006424.328685,6539,-0.398,-0.875,-40.736
XDA.XsDeviceId,1790006424.344755,6540,-0.768,-0.200,-49.759
XDA.XsDeviceId,1790006424.344762,6540,-0.397,-0.878,-40.736
XDA.XsDeviceId,1790006424.360646,6541,-0.767,-0.202,-49.757
XDA.XsDeviceId,1790006424.360649,6541,-0.398,-0.875,-40.736
XDA.XsDeviceId,1790006424.376749,6542,-0.769,-0.202,-49.751
XDA.XsDeviceId,1790006424.376755,6542,-0.399,-0.876,-40.738
XDA.XsDeviceId,1790006424.392424,6543,-0.770,-0.204,-49.751
XDA.XsDeviceId,1790006424.392427,6543,-0.401,-0.876,-40.739
XDA.XsDeviceId,1790006424.408416,6544,-0.773,-0.206,-49.748
XDA.XsDeviceId,1790006424.408423,6544,-0.401,-0.878,-40.736
XDA.XsDeviceId,1790006424.424426,6545,-0.774,-0.206,-49.746
XDA.XsDeviceId,1790006424.424432,6545,-0.401,-0.876,-40.731
XDA.XsDeviceId,1790006424.440672,6546,-0.773,-0.207,-49.742
XDA.XsDeviceId,1790006424.440675,6546,-0.402,-0.876,-40.732
XDA.XsDeviceId,1790006424.456365,6547,-0.775,-0.208,-49.739
XDA.XsDeviceId,1790006424.456370,6547,-0.404,-0.877,-40.736
XDA.XsDeviceId,1790006424.472497,6548,-0.776,-0.208,-49.736
XDA.XsDeviceId,1790006424.472502,6548,-0.408,-0.877,-40.740
XDA.XsDeviceId,1790006424.488378,6549,-0.779,-0.208,-49.733
XDA.XsDeviceId,1790006424.504545,6549,-0.412,-0.876,-40.745
XDA.XsDeviceId,1790006424.519908,6550,-0.781,-0.208,-49.730
XDA.XsDeviceId,1790006424.519914,6550,-0.412,-0.877,-40.744
XDA.XsDeviceId,1790006424.535890,6551,-0.786,-0.209,-49.725
XDA.XsDeviceId,1790006424.535906,6551,-0.416,-0.875,-40.743
XDA.XsDeviceId,1790006424.565784,6552,-0.787,-0.210,-49.723
XDA.XsDeviceId,1790006424.565789,6552,-0.415,-0.876,-40.744
XDA.XsDeviceId,1790006424.581617,6553,-0.786,-0.211,-49.719
XDA.XsDeviceId,1790006424.581622,6553,-0.416,-0.877,-40.745
XDA.XsDeviceId,1790006424.597359,6554,-0.787,-0.212,-49.716
XDA.XsDeviceId,1790006424.597382,6554,-0.417,-0.880,-40.745
XDA.XsDeviceId,1790006424.613278,6555,-0.789,-0.214,-49.713
XDA.XsDeviceId,1790006424.613283,6555,-0.418,-0.878,-40.744
XDA.XsDeviceId,1790006424.629279,6556,-0.793,-0.214,-49.712
XDA.XsDeviceId,1790006424.629285,6556,-0.424,-0.878,-40.752
XDA.XsDeviceId,1790006424.645514,6557,-0.794,-0.213,-49.705
XDA.XsDeviceId,1790006424.645519,6557,-0.423,-0.878,-40.754
XDA.XsDeviceId,1790006424.661360,6558,-0.795,-0.213,-49.704
XDA.XsDeviceId,1790006424.661365,6558,-0.424,-0.876,-40.756
XDA.XsDeviceId,1790006424.677178,6559,-0.796,-0.215,-49.701
XDA.XsDeviceId,1790006424.677183,6559,-0.427,-0.877,-40.758
XDA.XsDeviceId,1790006424.692988,6560,-0.797,-0.217,-49.701
XDA.XsDeviceId,1790006424.692994,6560,-0.427,-0.878,-40.756
XDA.XsDeviceId,1790006424.708943,6561,-0.797,-0.219,-49.697
XDA.XsDeviceId,1790006424.708949,6561,-0.427,-0.880,-40.754
XDA.XsDeviceId,1790006424.724586,6562,-0.800,-0.220,-49.695
XDA.XsDeviceId,1790006424.724595,6562,-0.429,-0.882,-40.756
XDA.XsDeviceId,1790006424.740471,6563,-0.801,-0.220,-49.692
XDA.XsDeviceId,1790006424.740479,6563,-0.429,-0.880,-40.751
XDA.XsDeviceId,1790006424.756451,6564,-0.803,-0.221,-49.690
XDA.XsDeviceId,1790006424.756458,6564,-0.429,-0.882,-40.745
XDA.XsDeviceId,1790006424.772562,6565,-0.802,-0.222,-49.686
XDA.XsDeviceId,1790006424.772567,6565,-0.428,-0.881,-40.748
XDA.XsDeviceId,1790006424.788435,6566,-0.804,-0.222,-49.681
XDA.XsDeviceId,1790006424.788441,6566,-0.430,-0.880,-40.748
XDA.XsDeviceId,1790006424.804439,6567,-0.805,-0.222,-49.680
XDA.XsDeviceId,1790006424.804464,6567,-0.431,-0.881,-40.745
XDA.XsDeviceId,1790006424.820327,6568,-0.804,-0.222,-49.675
XDA.XsDeviceId,1790006424.820329,6568,-0.432,-0.884,-40.713
XDA.XsDeviceId,1790006424.836132,6569,-0.804,-0.222,-49.671
XDA.XsDeviceId,1790006424.836141,6569,-0.434,-0.885,-40.715
XDA.XsDeviceId,1790006424.852184,6570,-0.806,-0.222,-49.666
XDA.XsDeviceId,1790006424.852191,6570,-0.435,-0.886,-40.712
XDA.XsDeviceId,1790006424.867983,6571,-0.806,-0.223,-49.665
XDA.XsDeviceId,1790006424.867986,6571,-0.436,-0.883,-40.711
XDA.XsDeviceId,1790006424.883970,6572,-0.808,-0.224,-49.663
XDA.XsDeviceId,1790006424.883977,6572,-0.438,-0.883,-40.709
XDA.XsDeviceId,1790006424.900152,6573,-0.810,-0.224,-49.658
XDA.XsDeviceId,1790006424.900159,6573,-0.438,-0.885,-40.705
XDA.XsDeviceId,1790006424.916154,6574,-0.811,-0.224,-49.655
XDA.XsDeviceId,1790006424.916161,6574,-0.438,-0.884,-40.705
XDA.XsDeviceId,1790006424.932052,6575,-0.811,-0.224,-49.652
XDA.XsDeviceId,1790006424.932055,6575,-0.439,-0.885,-40.703
XDA.XsDeviceId,1790006424.947940,6576,-0.813,-0.225,-49.649
XDA.XsDeviceId,1790006424.947947,6576,-0.439,-0.884,-40.702
XDA.XsDeviceId,1790006424.963838,6577,-0.812,-0.225,-49.645
XDA.XsDeviceId,1790006424.963841,6577,-0.439,-0.886,-40.701
XDA.XsDeviceId,1790006424.979916,6578,-0.815,-0.224,-49.643
XDA.XsDeviceId,1790006424.979923,6578,-0.440,-0.887,-40.701
XDA.XsDeviceId,1790006424.995588,6579,-0.815,-0.226,-49.640
XDA.XsDeviceId,1790006424.995594,6579,-0.439,-0.886,-40.705
XDA.XsDeviceId,1790006425.011439,6580,-0.819,-0.226,-49.637
XDA.XsDeviceId,1790006425.011446,6580,-0.442,-0.886,-40.709
XDA.XsDeviceId,1790006425.027470,6581,-0.820,-0.227,-49.635
XDA.XsDeviceId,1790006425.027478,6581,-0.442,-0.885,-40.710
XDA.XsDeviceId,1790006425.043198,6582,-0.820,-0.229,-49.632
XDA.XsDeviceId,1790006425.043204,6582,-0.442,-0.889,-40.710
XDA.XsDeviceId,1790006425.059146,6583,-0.824,-0.228,-49.628
XDA.XsDeviceId,1790006425.059153,6583,-0.440,-0.888,-40.706
XDA.XsDeviceId,1790006425.074902,6584,-0.826,-0.229,-49.628
XDA.XsDeviceId,1790006425.074908,6584,-0.441,-0.886,-40.707
XDA.XsDeviceId,1790006425.090890,6585,-0.827,-0.230,-49.625
XDA.XsDeviceId,1790006425.090898,6585,-0.440,-0.887,-40.704
XDA.XsDeviceId,1790006425.106886,6586,-0.827,-0.231,-49.622
XDA.XsDeviceId,1790006425.106894,6586,-0.439,-0.885,-40.699
XDA.XsDeviceId,1790006425.123153,6587,-0.828,-0.233,-49.618
XDA.XsDeviceId,1790006425.123176,6587,-0.440,-0.883,-40.699
XDA.XsDeviceId,1790006425.139026,6588,-0.829,-0.234,-49.615
XDA.XsDeviceId,1790006425.139069,6588,-0.440,-0.884,-40.697
XDA.XsDeviceId,1790006425.170851,6589,-0.829,-0.234,-49.615
XDA.XsDeviceId,1790006425.170857,6589,-0.440,-0.885,-40.696
XDA.XsDeviceId,1790006425.186690,6590,-0.831,-0.236,-49.613
XDA.XsDeviceId,1790006425.186695,6590,-0.440,-0.884,-40.693
XDA.XsDeviceId,1790006425.202598,6591,-0.830,-0.237,-49.611
XDA.XsDeviceId,1790006425.202605,6591,-0.441,-0.885,-40.693
XDA.XsDeviceId,1790006425.218372,6592,-0.831,-0.237,-49.609
XDA.XsDeviceId,1790006425.218380,6592,-0.441,-0.885,-40.693
XDA.XsDeviceId,1790006425.234173,6593,-0.832,-0.238,-49.606
XDA.XsDeviceId,1790006425.234177,6593,-0.443,-0.884,-40.692
XDA.XsDeviceId,1790006425.250199,6594,-0.833,-0.238,-49.602
XDA.XsDeviceId,1790006425.250207,6594,-0.444,-0.884,-40.691
XDA.XsDeviceId,1790006425.266023,6595,-0.833,-0.237,-49.599
XDA.XsDeviceId,1790006425.266029,6595,-0.445,-0.885,-40.692
XDA.XsDeviceId,1790006425.282196,6596,-0.834,-0.240,-49.596
XDA.XsDeviceId,1790006425.282201,6596,-0.444,-0.884,-40.689
XDA.XsDeviceId,1790006425.298316,6597,-0.835,-0.239,-49.594
XDA.XsDeviceId,1790006425.298321,6597,-0.444,-0.883,-40.688
XDA.XsDeviceId,1790006425.314122,6598,-0.836,-0.242,-49.591
XDA.XsDeviceId,1790006425.314140,6598,-0.446,-0.883,-40.687
XDA.XsDeviceId,1790006425.330041,6599,-0.838,-0.242,-49.588
XDA.XsDeviceId,1790006425.330047,6599,-0.444,-0.883,-40.687
XDA.XsDeviceId,1790006425.345795,6600,-0.840,-0.242,-49.586
XDA.XsDeviceId,1790006425.345798,6600,-0.445,-0.882,-40.688
XDA.XsDeviceId,1790006425.361657,6601,-0.841,-0.241,-49.583
XDA.XsDeviceId,1790006425.361667,6601,-0.446,-0.881,-40.687
XDA.XsDeviceId,1790006425.377782,6602,-0.843,-0.242,-49.581
XDA.XsDeviceId,1790006425.377789,6602,-0.446,-0.879,-40.686
XDA.XsDeviceId,1790006425.394068,6603,-0.842,-0.241,-49.576
XDA.XsDeviceId,1790006425.394074,6603,-0.447,-0.879,-40.686
